lot,cabinet_code,cabinet_name,line,point_code,device_id,rated_power_w,lamp_type,lat,lng,pole_id
A,Q-A01,Via Roma Nord,L1,PL-000001,LUM-000001,72,LED,45.39988,9.13765,P-000001
A,Q-A01,Via Roma Nord,L2,PL-000002,LUM-000002,48,LED,45.4,9.13775,P-000002
A,Q-A01,Via Roma Nord,L3,PL-000003,LUM-000003,48,LED,45.40012,9.13808,P-000003
A,Q-A01,Via Roma Nord,L1,PL-000004,LUM-000004,72,LED,45.40024,9.13782,P-000004
A,Q-A01,Via Roma Nord,L2,PL-000005,LUM-000005,48,LED,45.40036,9.13769,P-000005
A,Q-A01,Via Roma Nord,L3,PL-000006,LUM-000006,56,LED,45.40048,9.13841,P-000006
A,Q-A01,Via Roma Nord,L1,PL-000007,LUM-000007,72,LED,45.4006,9.13801,P-000007
A,Q-A01,Via Roma Nord,L2,PL-000008,LUM-000008,48,LED,45.40072,9.13841,P-000008
A,Q-A01,Via Roma Nord,L3,PL-000009,LUM-000009,72,LED,45.40084,9.138,P-000009
A,Q-A01,Via Roma Nord,L1,PL-000010,LUM-00000A,48,LED,45.40096,9.13825,P-000010
A,Q-A01,Via Roma Nord,L2,PL-000011,LUM-00000B,48,LED,45.40108,9.13833,P-000011
A,Q-A01,Via Roma Nord,L3,PL-000012,LUM-00000C,48,LED,45.4012,9.13764,P-000012
A,Q-A01,Via Roma Nord,L1,PL-000013,LUM-00000D,72,LED,45.40132,9.13772,P-000013
A,Q-A01,Via Roma Nord,L2,PL-000014,LUM-00000E,56,LED,45.40144,9.13773,P-000014
A,Q-A01,Via Roma Nord,L3,PL-000015,LUM-00000F,72,LED,45.40156,9.13819,P-000015
A,Q-A01,Via Roma Nord,L1,PL-000016,LUM-000010,56,LED,45.40168,9.13792,P-000016
A,Q-A01,Via Roma Nord,L2,PL-000017,LUM-000011,56,LED,45.4018,9.13816,P-000017
A,Q-A01,Via Roma Nord,L3,PL-000018,LUM-000012,48,LED,45.40192,9.1382,P-000018
A,Q-A01,Via Roma Nord,L1,PL-000019,LUM-000013,72,LED,45.40204,9.13838,P-000019
A,Q-A01,Via Roma Nord,L2,PL-000020,LUM-000014,48,LED,45.40216,9.13788,P-000020
A,Q-A01,Via Roma Nord,L3,PL-000021,LUM-000015,48,LED,45.40228,9.13842,P-000021
A,Q-A01,Via Roma Nord,L1,PL-000022,LUM-000016,56,LED,45.4024,9.13797,P-000022
A,Q-A01,Via Roma Nord,L2,PL-000023,LUM-000017,72,LED,45.40252,9.13794,P-000023
A,Q-A01,Via Roma Nord,L3,PL-000024,LUM-000018,48,LED,45.40264,9.13802,P-000024
A,Q-A01,Via Roma Nord,L1,PL-000025,LUM-000019,56,LED,45.40276,9.13842,P-000025
A,Q-A01,Via Roma Nord,L2,PL-000026,LUM-00001A,56,LED,45.40288,9.13778,P-000026
A,Q-A01,Via Roma Nord,L3,PL-000027,LUM-00001B,72,LED,45.403,9.138,P-000027
A,Q-A01,Via Roma Nord,L1,PL-000028,LUM-00001C,56,LED,45.40312,9.13802,P-000028
A,Q-A01,Via Roma Nord,L2,PL-000029,LUM-00001D,48,LED,45.40324,9.1383,P-000029
A,Q-A01,Via Roma Nord,L3,PL-000030,LUM-00001E,72,LED,45.40336,9.13779,P-000030
A,Q-A01,Via Roma Nord,L1,PL-000031,LUM-00001F,56,LED,45.40348,9.13779,P-000031
A,Q-A01,Via Roma Nord,L2,PL-000032,LUM-000020,72,LED,45.4036,9.13828,P-000032
A,Q-A01,Via Roma Nord,L3,PL-000033,LUM-000021,56,LED,45.40372,9.13791,P-000033
A,Q-A01,Via Roma Nord,L1,PL-000034,LUM-000022,56,LED,45.40384,9.13789,P-000034
A,Q-A01,Via Roma Nord,L2,PL-000035,LUM-000023,72,LED,45.40396,9.13773,P-000035
A,Q-A01,Via Roma Nord,L3,PL-000036,LUM-000024,72,LED,45.40408,9.13804,P-000036
A,Q-A01,Via Roma Nord,L1,PL-000037,LUM-000025,72,LED,45.4042,9.13764,P-000037
A,Q-A01,Via Roma Nord,L2,PL-000038,LUM-000026,48,LED,45.40432,9.13836,P-000038
A,Q-A01,Via Roma Nord,L3,PL-000039,LUM-000027,56,LED,45.40444,9.13784,P-000039
A,Q-A01,Via Roma Nord,L1,PL-000040,LUM-000028,56,LED,45.40456,9.13801,P-000040
A,Q-A01,Via Roma Nord,L2,PL-000041,LUM-000029,56,LED,45.40468,9.13774,P-000041
A,Q-A01,Via Roma Nord,L3,PL-000042,LUM-00002A,72,LED,45.4048,9.13812,P-000042
A,Q-A01,Via Roma Nord,L1,PL-000043,LUM-00002B,56,LED,45.40492,9.13783,P-000043
A,Q-A01,Via Roma Nord,L2,PL-000044,LUM-00002C,72,LED,45.40504,9.13769,P-000044
A,Q-A01,Via Roma Nord,L3,PL-000045,LUM-00002D,56,LED,45.40516,9.1383,P-000045
A,Q-A01,Via Roma Nord,L1,PL-000046,LUM-00002E,56,LED,45.40528,9.13799,P-000046
A,Q-A01,Via Roma Nord,L2,PL-000047,LUM-00002F,56,LED,45.4054,9.13783,P-000047
A,Q-A01,Via Roma Nord,L3,PL-000048,LUM-000030,48,LED,45.40552,9.13842,P-000048
A,Q-A01,Via Roma Nord,L1,PL-000049,LUM-000031,48,LED,45.40564,9.13781,P-000049
A,Q-A01,Via Roma Nord,L2,PL-000050,LUM-000032,48,LED,45.40576,9.13798,P-000050
A,Q-A01,Via Roma Nord,L3,PL-000051,LUM-000033,48,LED,45.40588,9.13813,P-000051
A,Q-A01,Via Roma Nord,L1,PL-000052,LUM-000034,48,LED,45.406,9.13775,P-000052
A,Q-A01,Via Roma Nord,L2,PL-000053,LUM-000035,48,LED,45.40612,9.13771,P-000053
A,Q-A01,Via Roma Nord,L3,PL-000054,LUM-000036,48,LED,45.40624,9.13789,P-000054
A,Q-A01,Via Roma Nord,L1,PL-000055,LUM-000037,72,LED,45.40636,9.13809,P-000055
A,Q-A01,Via Roma Nord,L2,PL-000056,LUM-000038,56,LED,45.40648,9.13841,P-000056
A,Q-A01,Via Roma Nord,L3,PL-000057,LUM-000039,56,LED,45.4066,9.13814,P-000057
A,Q-A01,Via Roma Nord,L1,PL-000058,LUM-00003A,72,LED,45.40672,9.13805,P-000058
A,Q-A01,Via Roma Nord,L2,PL-000059,LUM-00003B,72,LED,45.40684,9.13804,P-000059
A,Q-A01,Via Roma Nord,L3,PL-000060,LUM-00003C,56,LED,45.40696,9.13792,P-000060
A,Q-A01,Via Roma Nord,L1,PL-000061,LUM-00003D,48,LED,45.40708,9.13838,P-000061
A,Q-A01,Via Roma Nord,L2,PL-000062,LUM-00003E,48,LED,45.4072,9.13774,P-000062
A,Q-A01,Via Roma Nord,L3,PL-000063,LUM-00003F,56,LED,45.40732,9.13802,P-000063
A,Q-A01,Via Roma Nord,L1,PL-000064,LUM-000040,72,LED,45.40744,9.13806,P-000064
A,Q-A01,Via Roma Nord,L2,PL-000065,LUM-000041,72,LED,45.40756,9.13809,P-000065
A,Q-A01,Via Roma Nord,L3,PL-000066,LUM-000042,72,LED,45.40768,9.13801,P-000066
A,Q-A01,Via Roma Nord,L1,PL-000067,LUM-000043,48,LED,45.4078,9.13826,P-000067
A,Q-A01,Via Roma Nord,L2,PL-000068,LUM-000044,72,LED,45.40792,9.13773,P-000068
A,Q-A01,Via Roma Nord,L3,PL-000069,LUM-000045,48,LED,45.40804,9.13842,P-000069
A,Q-A01,Via Roma Nord,L1,PL-000070,LUM-000046,48,LED,45.40816,9.138,P-000070
A,Q-A01,Via Roma Nord,L2,PL-000071,LUM-000047,56,LED,45.40828,9.13807,P-000071
A,Q-A01,Via Roma Nord,L3,PL-000072,LUM-000048,56,LED,45.4084,9.13815,P-000072
A,Q-A01,Via Roma Nord,L1,PL-000073,LUM-000049,48,LED,45.40852,9.13776,P-000073
A,Q-A01,Via Roma Nord,L2,PL-000074,LUM-00004A,72,LED,45.40864,9.13785,P-000074
A,Q-A01,Via Roma Nord,L3,PL-000075,LUM-00004B,48,LED,45.40876,9.13805,P-000075
A,Q-A01,Via Roma Nord,L1,PL-000076,LUM-00004C,48,LED,45.40888,9.1379,P-000076
A,Q-A01,Via Roma Nord,L2,PL-000077,LUM-00004D,48,LED,45.409,9.13768,P-000077
A,Q-A01,Via Roma Nord,L3,PL-000078,LUM-00004E,56,LED,45.40912,9.13818,P-000078
A,Q-A01,Via Roma Nord,L1,PL-000079,LUM-00004F,56,LED,45.40924,9.13787,P-000079
A,Q-A01,Via Roma Nord,L2,PL-000080,LUM-000050,48,LED,45.40936,9.13826,P-000080
A,Q-A01,Via Roma Nord,L3,PL-000081,LUM-000051,72,LED,45.40948,9.13807,P-000081
A,Q-A01,Via Roma Nord,L1,PL-000082,LUM-000052,72,LED,45.4096,9.13776,P-000082
A,Q-A01,Via Roma Nord,L2,PL-000083,LUM-000053,56,LED,45.40972,9.13801,P-000083
A,Q-A01,Via Roma Nord,L3,PL-000084,LUM-000054,48,LED,45.40984,9.13794,P-000084
A,Q-A01,Via Roma Nord,L1,PL-000085,LUM-000055,72,LED,45.40996,9.1379,P-000085
A,Q-A01,Via Roma Nord,L2,PL-000086,LUM-000056,48,LED,45.41008,9.13779,P-000086
A,Q-A01,Via Roma Nord,L3,PL-000087,LUM-000057,72,LED,45.4102,9.1378,P-000087
A,Q-A01,Via Roma Nord,L1,PL-000088,LUM-000058,72,LED,45.41032,9.13804,P-000088
A,Q-A01,Via Roma Nord,L2,PL-000089,LUM-000059,48,LED,45.41044,9.13798,P-000089
A,Q-A01,Via Roma Nord,L3,PL-000090,LUM-00005A,72,LED,45.41056,9.1382,P-000090
A,Q-A01,Via Roma Nord,L1,PL-000091,LUM-00005B,72,LED,45.41068,9.13828,P-000091
A,Q-A01,Via Roma Nord,L2,PL-000092,LUM-00005C,56,LED,45.4108,9.13827,P-000092
A,Q-A01,Via Roma Nord,L3,PL-000093,LUM-00005D,48,LED,45.41092,9.13796,P-000093
A,Q-A01,Via Roma Nord,L1,PL-000094,LUM-00005E,72,LED,45.41104,9.13805,P-000094
A,Q-A01,Via Roma Nord,L2,PL-000095,LUM-00005F,72,LED,45.41116,9.13826,P-000095
A,Q-A01,Via Roma Nord,L3,PL-000096,LUM-000060,48,LED,45.41128,9.13818,P-000096
A,Q-A01,Via Roma Nord,L1,PL-000097,LUM-000061,48,LED,45.4114,9.13798,P-000097
A,Q-A01,Via Roma Nord,L2,PL-000098,LUM-000062,56,LED,45.41152,9.13817,P-000098
A,Q-A01,Via Roma Nord,L3,PL-000099,LUM-000063,48,LED,45.41164,9.13838,P-000099
A,Q-A01,Via Roma Nord,L1,PL-000100,LUM-000064,48,LED,45.41176,9.13791,P-000100
A,Q-A01,Via Roma Nord,L2,PL-000101,LUM-000065,72,LED,45.41188,9.13822,P-000101
A,Q-A01,Via Roma Nord,L3,PL-000102,LUM-000066,56,LED,45.412,9.13842,P-000102
A,Q-A01,Via Roma Nord,L1,PL-000103,LUM-000067,56,LED,45.41212,9.13809,P-000103
A,Q-A01,Via Roma Nord,L2,PL-000104,LUM-000068,72,LED,45.41224,9.13787,P-000104
A,Q-A01,Via Roma Nord,L3,PL-000105,LUM-000069,56,LED,45.41236,9.1384,P-000105
A,Q-A01,Via Roma Nord,L1,PL-000106,LUM-00006A,56,LED,45.41248,9.13818,P-000106
A,Q-A01,Via Roma Nord,L2,PL-000107,LUM-00006B,72,LED,45.4126,9.13767,P-000107
A,Q-A01,Via Roma Nord,L3,PL-000108,LUM-00006C,56,LED,45.41272,9.13791,P-000108
A,Q-A01,Via Roma Nord,L1,PL-000109,LUM-00006D,56,LED,45.41284,9.1378,P-000109
A,Q-A01,Via Roma Nord,L2,PL-000110,LUM-00006E,72,LED,45.41296,9.13818,P-000110
A,Q-A01,Via Roma Nord,L3,PL-000111,LUM-00006F,48,LED,45.41308,9.13822,P-000111
A,Q-A01,Via Roma Nord,L1,PL-000112,LUM-000070,48,LED,45.4132,9.1379,P-000112
A,Q-A01,Via Roma Nord,L2,PL-000113,LUM-000071,56,LED,45.41332,9.13838,P-000113
A,Q-A01,Via Roma Nord,L3,PL-000114,LUM-000072,72,LED,45.41344,9.13818,P-000114
A,Q-A01,Via Roma Nord,L1,PL-000115,LUM-000073,56,LED,45.41356,9.13815,P-000115
A,Q-A01,Via Roma Nord,L2,PL-000116,LUM-000074,56,LED,45.41368,9.13827,P-000116
A,Q-A01,Via Roma Nord,L3,PL-000117,LUM-000075,56,LED,45.4138,9.13835,P-000117
A,Q-A01,Via Roma Nord,L1,PL-000118,LUM-000076,48,LED,45.41392,9.1377,P-000118
A,Q-A01,Via Roma Nord,L2,PL-000119,LUM-000077,56,LED,45.41404,9.13785,P-000119
A,Q-A01,Via Roma Nord,L3,PL-000120,LUM-000078,56,LED,45.41416,9.13767,P-000120
A,Q-A01,Via Roma Nord,L1,PL-000121,LUM-000079,56,LED,45.41428,9.1382,P-000121
A,Q-A01,Via Roma Nord,L2,PL-000122,LUM-00007A,56,LED,45.4144,9.13786,P-000122
A,Q-A01,Via Roma Nord,L3,PL-000123,LUM-00007B,72,LED,45.41452,9.13796,P-000123
A,Q-A01,Via Roma Nord,L1,PL-000124,LUM-00007C,48,LED,45.41464,9.13823,P-000124
A,Q-A01,Via Roma Nord,L2,PL-000125,LUM-00007D,48,LED,45.41476,9.13835,P-000125
A,Q-A01,Via Roma Nord,L3,PL-000126,LUM-00007E,48,LED,45.41488,9.1383,P-000126
A,Q-A01,Via Roma Nord,L1,PL-000127,LUM-00007F,72,LED,45.415,9.13792,P-000127
A,Q-A01,Via Roma Nord,L2,PL-000128,LUM-000080,56,LED,45.41512,9.13774,P-000128
A,Q-A01,Via Roma Nord,L3,PL-000129,LUM-000081,72,LED,45.41524,9.13841,P-000129
A,Q-A01,Via Roma Nord,L1,PL-000130,LUM-000082,48,LED,45.41536,9.13775,P-000130
A,Q-A01,Via Roma Nord,L2,PL-000131,LUM-000083,56,LED,45.41548,9.13779,P-000131
A,Q-A01,Via Roma Nord,L3,PL-000132,LUM-000084,48,LED,45.4156,9.13835,P-000132
A,Q-A01,Via Roma Nord,L1,PL-000133,LUM-000085,56,LED,45.41572,9.13813,P-000133
A,Q-A01,Via Roma Nord,L2,PL-000134,LUM-000086,56,LED,45.41584,9.13842,P-000134
A,Q-A01,Via Roma Nord,L3,PL-000135,LUM-000087,72,LED,45.41596,9.138,P-000135
A,Q-A01,Via Roma Nord,L1,PL-000136,LUM-000088,72,LED,45.41608,9.13841,P-000136
A,Q-A01,Via Roma Nord,L2,PL-000137,LUM-000089,72,LED,45.4162,9.13841,P-000137
A,Q-A01,Via Roma Nord,L3,PL-000138,LUM-00B7C2,56,LED,45.41632,9.13775,P-000138
A,Q-A01,Via Roma Nord,L1,PL-000139,LUM-00008B,56,LED,45.41644,9.13833,P-000139
A,Q-A01,Via Roma Nord,L2,PL-000140,LUM-00008C,72,LED,45.41656,9.13773,P-000140
A,Q-A01,Via Roma Nord,L3,PL-000141,LUM-00008D,48,LED,45.41668,9.13818,P-000141
A,Q-A01,Via Roma Nord,L1,PL-000142,LUM-00008E,48,LED,45.4168,9.13841,P-000142
A,Q-A01,Via Roma Nord,L2,PL-000143,LUM-00008F,56,LED,45.41692,9.13791,P-000143
A,Q-A01,Via Roma Nord,L3,PL-000144,LUM-000090,56,LED,45.41704,9.13773,P-000144
A,Q-A01,Via Roma Nord,L1,PL-000145,LUM-000091,56,LED,45.41716,9.13802,P-000145
A,Q-A01,Via Roma Nord,L2,PL-000146,LUM-000092,56,LED,45.41728,9.13797,P-000146
A,Q-A01,Via Roma Nord,L3,PL-000147,LUM-000093,48,LED,45.4174,9.13779,P-000147
A,Q-A01,Via Roma Nord,L1,PL-000148,LUM-000094,48,LED,45.41752,9.13832,P-000148
A,Q-A01,Via Roma Nord,L2,PL-000149,LUM-000095,56,LED,45.41764,9.13839,P-000149
A,Q-A01,Via Roma Nord,L3,PL-000150,LUM-000096,48,LED,45.41776,9.13767,P-000150
A,Q-A01,Via Roma Nord,L1,PL-000151,LUM-000097,48,LED,45.41788,9.13827,P-000151
A,Q-A01,Via Roma Nord,L2,PL-000152,LUM-000098,56,LED,45.418,9.1383,P-000152
A,Q-A01,Via Roma Nord,L3,PL-000153,LUM-000099,72,LED,45.41812,9.13801,P-000153
A,Q-A01,Via Roma Nord,L1,PL-000154,LUM-00009A,56,LED,45.41824,9.13807,P-000154
A,Q-A01,Via Roma Nord,L2,PL-000155,LUM-00009B,48,LED,45.41836,9.1382,P-000155
A,Q-A01,Via Roma Nord,L3,PL-000156,LUM-00009C,56,LED,45.41848,9.13787,P-000156
A,Q-A01,Via Roma Nord,L1,PL-000157,LUM-00009D,56,LED,45.4186,9.13769,P-000157
A,Q-A01,Via Roma Nord,L2,PL-000158,LUM-00009E,48,LED,45.41872,9.1377,P-000158
A,Q-A01,Via Roma Nord,L3,PL-000159,LUM-00009F,48,LED,45.41884,9.13801,P-000159
A,Q-A01,Via Roma Nord,L1,PL-000160,LUM-0000A0,56,LED,45.41896,9.13833,P-000160
A,Q-A02,Via Roma Sud,L1,PL-000161,LUM-0000A1,56,LED,45.42912,9.15084,P-000161
A,Q-A02,Via Roma Sud,L2,PL-000162,LUM-0000A2,72,LED,45.42924,9.15116,P-000162
A,Q-A02,Via Roma Sud,L3,PL-000163,LUM-0000A3,56,LED,45.42936,9.15137,P-000163
A,Q-A02,Via Roma Sud,L1,PL-000164,LUM-0000A4,56,LED,45.42948,9.1509,P-000164
A,Q-A02,Via Roma Sud,L2,PL-000165,LUM-0000A5,72,LED,45.4296,9.15076,P-000165
A,Q-A02,Via Roma Sud,L3,PL-000166,LUM-0000A6,56,LED,45.42972,9.15109,P-000166
A,Q-A02,Via Roma Sud,L1,PL-000167,LUM-0000A7,56,LED,45.42984,9.15089,P-000167
A,Q-A02,Via Roma Sud,L2,PL-000168,LUM-0000A8,48,LED,45.42996,9.151,P-000168
A,Q-A02,Via Roma Sud,L3,PL-000169,LUM-0000A9,48,LED,45.43008,9.15129,P-000169
A,Q-A02,Via Roma Sud,L1,PL-000170,LUM-0000AA,72,LED,45.4302,9.1511,P-000170
A,Q-A02,Via Roma Sud,L2,PL-000171,LUM-0000AB,48,LED,45.43032,9.15103,P-000171
A,Q-A02,Via Roma Sud,L3,PL-000172,LUM-0000AC,48,LED,45.43044,9.15098,P-000172
A,Q-A02,Via Roma Sud,L1,PL-000173,LUM-0000AD,72,LED,45.43056,9.15145,P-000173
A,Q-A02,Via Roma Sud,L2,PL-000174,LUM-0000AE,72,LED,45.43068,9.15117,P-000174
A,Q-A02,Via Roma Sud,L3,PL-000175,LUM-0000AF,48,LED,45.4308,9.15139,P-000175
A,Q-A02,Via Roma Sud,L1,PL-000176,LUM-0000B0,72,LED,45.43092,9.15129,P-000176
A,Q-A02,Via Roma Sud,L2,PL-000177,LUM-0000B1,72,LED,45.43104,9.15125,P-000177
A,Q-A02,Via Roma Sud,L3,PL-000178,LUM-0000B2,48,LED,45.43116,9.15092,P-000178
A,Q-A02,Via Roma Sud,L1,PL-000179,LUM-0000B3,56,LED,45.43128,9.15152,P-000179
A,Q-A02,Via Roma Sud,L2,PL-000180,LUM-0000B4,72,LED,45.4314,9.15107,P-000180
A,Q-A02,Via Roma Sud,L3,PL-000181,LUM-0000B5,48,LED,45.43152,9.15137,P-000181
A,Q-A02,Via Roma Sud,L1,PL-000182,LUM-0000B6,72,LED,45.43164,9.15095,P-000182
A,Q-A02,Via Roma Sud,L2,PL-000183,LUM-0000B7,72,LED,45.43176,9.15104,P-000183
A,Q-A02,Via Roma Sud,L3,PL-000184,LUM-0000B8,56,LED,45.43188,9.15079,P-000184
A,Q-A02,Via Roma Sud,L1,PL-000185,LUM-0000B9,48,LED,45.432,9.15141,P-000185
A,Q-A02,Via Roma Sud,L2,PL-000186,LUM-0000BA,48,LED,45.43212,9.15101,P-000186
A,Q-A02,Via Roma Sud,L3,PL-000187,LUM-0000BB,72,LED,45.43224,9.15142,P-000187
A,Q-A02,Via Roma Sud,L1,PL-000188,LUM-0000BC,56,LED,45.43236,9.15129,P-000188
A,Q-A02,Via Roma Sud,L2,PL-000189,LUM-0000BD,48,LED,45.43248,9.15124,P-000189
A,Q-A02,Via Roma Sud,L3,PL-000190,LUM-0000BE,56,LED,45.4326,9.15086,P-000190
A,Q-A02,Via Roma Sud,L1,PL-000191,LUM-0000BF,48,LED,45.43272,9.151,P-000191
A,Q-A02,Via Roma Sud,L2,PL-000192,LUM-0000C0,56,LED,45.43284,9.15134,P-000192
A,Q-A02,Via Roma Sud,L3,PL-000193,LUM-0000C1,56,LED,45.43296,9.15139,P-000193
A,Q-A02,Via Roma Sud,L1,PL-000194,LUM-0000C2,48,LED,45.43308,9.15099,P-000194
A,Q-A02,Via Roma Sud,L2,PL-000195,LUM-0000C3,48,LED,45.4332,9.15081,P-000195
A,Q-A02,Via Roma Sud,L3,PL-000196,LUM-0000C4,72,LED,45.43332,9.15147,P-000196
A,Q-A02,Via Roma Sud,L1,PL-000197,LUM-0000C5,72,LED,45.43344,9.15117,P-000197
A,Q-A02,Via Roma Sud,L2,PL-000198,LUM-0000C6,56,LED,45.43356,9.15144,P-000198
A,Q-A02,Via Roma Sud,L3,PL-000199,LUM-0000C7,72,LED,45.43368,9.15149,P-000199
A,Q-A02,Via Roma Sud,L1,PL-000200,LUM-0000C8,48,LED,45.4338,9.15081,P-000200
A,Q-A02,Via Roma Sud,L2,PL-000201,LUM-0000C9,48,LED,45.43392,9.15116,P-000201
A,Q-A02,Via Roma Sud,L3,PL-000202,LUM-0000CA,56,LED,45.43404,9.15132,P-000202
A,Q-A02,Via Roma Sud,L1,PL-000203,LUM-0000CB,48,LED,45.43416,9.15111,P-000203
A,Q-A02,Via Roma Sud,L2,PL-000204,LUM-0000CC,72,LED,45.43428,9.15112,P-000204
A,Q-A02,Via Roma Sud,L3,PL-000205,LUM-0000CD,48,LED,45.4344,9.15086,P-000205
A,Q-A02,Via Roma Sud,L1,PL-000206,LUM-0000CE,72,LED,45.43452,9.15115,P-000206
A,Q-A02,Via Roma Sud,L2,PL-000207,LUM-0000CF,56,LED,45.43464,9.1511,P-000207
A,Q-A02,Via Roma Sud,L3,PL-000208,LUM-0000D0,56,LED,45.43476,9.15089,P-000208
A,Q-A02,Via Roma Sud,L1,PL-000209,LUM-0000D1,56,LED,45.43488,9.15153,P-000209
A,Q-A02,Via Roma Sud,L2,PL-000210,LUM-0000D2,72,LED,45.435,9.15122,P-000210
A,Q-A02,Via Roma Sud,L3,PL-000211,LUM-0000D3,48,LED,45.43512,9.15131,P-000211
A,Q-A02,Via Roma Sud,L1,PL-000212,LUM-0000D4,72,LED,45.43524,9.15117,P-000212
A,Q-A02,Via Roma Sud,L2,PL-000213,LUM-0000D5,48,LED,45.43536,9.15153,P-000213
A,Q-A02,Via Roma Sud,L3,PL-000214,LUM-0000D6,56,LED,45.43548,9.15109,P-000214
A,Q-A02,Via Roma Sud,L1,PL-000215,LUM-0000D7,72,LED,45.4356,9.15094,P-000215
A,Q-A02,Via Roma Sud,L2,PL-000216,LUM-0000D8,56,LED,45.43572,9.15113,P-000216
A,Q-A02,Via Roma Sud,L3,PL-000217,LUM-0000D9,72,LED,45.43584,9.15089,P-000217
A,Q-A02,Via Roma Sud,L1,PL-000218,LUM-0000DA,72,LED,45.43596,9.1513,P-000218
A,Q-A02,Via Roma Sud,L2,PL-000219,LUM-0000DB,56,LED,45.43608,9.15144,P-000219
A,Q-A02,Via Roma Sud,L3,PL-000220,LUM-0000DC,56,LED,45.4362,9.15102,P-000220
A,Q-A02,Via Roma Sud,L1,PL-000221,LUM-0000DD,56,LED,45.43632,9.15105,P-000221
A,Q-A02,Via Roma Sud,L2,PL-000222,LUM-0000DE,56,LED,45.43644,9.15123,P-000222
A,Q-A02,Via Roma Sud,L3,PL-000223,LUM-0000DF,48,LED,45.43656,9.1508,P-000223
A,Q-A02,Via Roma Sud,L1,PL-000224,LUM-0000E0,48,LED,45.43668,9.15135,P-000224
A,Q-A02,Via Roma Sud,L2,PL-000225,LUM-0000E1,56,LED,45.4368,9.15149,P-000225
A,Q-A02,Via Roma Sud,L3,PL-000226,LUM-0000E2,72,LED,45.43692,9.15123,P-000226
A,Q-A02,Via Roma Sud,L1,PL-000227,LUM-0000E3,56,LED,45.43704,9.15084,P-000227
A,Q-A02,Via Roma Sud,L2,PL-000228,LUM-0000E4,48,LED,45.43716,9.15092,P-000228
A,Q-A02,Via Roma Sud,L3,PL-000229,LUM-0000E5,56,LED,45.43728,9.15128,P-000229
A,Q-A02,Via Roma Sud,L1,PL-000230,LUM-0000E6,48,LED,45.4374,9.15078,P-000230
A,Q-A02,Via Roma Sud,L2,PL-000231,LUM-0000E7,48,LED,45.43752,9.1514,P-000231
A,Q-A02,Via Roma Sud,L3,PL-000232,LUM-0000E8,72,LED,45.43764,9.15099,P-000232
A,Q-A02,Via Roma Sud,L1,PL-000233,LUM-0000E9,72,LED,45.43776,9.15101,P-000233
A,Q-A02,Via Roma Sud,L2,PL-000234,LUM-0000EA,72,LED,45.43788,9.15106,P-000234
A,Q-A02,Via Roma Sud,L3,PL-000235,LUM-0000EB,56,LED,45.438,9.15088,P-000235
A,Q-A02,Via Roma Sud,L1,PL-000236,LUM-0000EC,56,LED,45.43812,9.15118,P-000236
A,Q-A02,Via Roma Sud,L2,PL-000237,LUM-0000ED,48,LED,45.43824,9.15143,P-000237
A,Q-A02,Via Roma Sud,L3,PL-000238,LUM-0000EE,56,LED,45.43836,9.15092,P-000238
A,Q-A02,Via Roma Sud,L1,PL-000239,LUM-0000EF,48,LED,45.43848,9.1514,P-000239
A,Q-A02,Via Roma Sud,L2,PL-000240,LUM-0000F0,56,LED,45.4386,9.1509,P-000240
A,Q-A02,Via Roma Sud,L3,PL-000241,LUM-0000F1,72,LED,45.43872,9.15125,P-000241
A,Q-A02,Via Roma Sud,L1,PL-000242,LUM-0000F2,48,LED,45.43884,9.15085,P-000242
A,Q-A02,Via Roma Sud,L2,PL-000243,LUM-0000F3,48,LED,45.43896,9.15113,P-000243
A,Q-A02,Via Roma Sud,L3,PL-000244,LUM-0000F4,72,LED,45.43908,9.15095,P-000244
A,Q-A02,Via Roma Sud,L1,PL-000245,LUM-0000F5,56,LED,45.4392,9.15094,P-000245
A,Q-A02,Via Roma Sud,L2,PL-000246,LUM-0000F6,56,LED,45.43932,9.15073,P-000246
A,Q-A02,Via Roma Sud,L3,PL-000247,LUM-0000F7,56,LED,45.43944,9.15092,P-000247
A,Q-A02,Via Roma Sud,L1,PL-000248,LUM-0000F8,48,LED,45.43956,9.15146,P-000248
A,Q-A02,Via Roma Sud,L2,PL-000249,LUM-0000F9,72,LED,45.43968,9.15099,P-000249
A,Q-A02,Via Roma Sud,L3,PL-000250,LUM-0000FA,56,LED,45.4398,9.15081,P-000250
A,Q-A02,Via Roma Sud,L1,PL-000251,LUM-0000FB,72,LED,45.43992,9.15097,P-000251
A,Q-A02,Via Roma Sud,L2,PL-000252,LUM-0000FC,72,LED,45.44004,9.15078,P-000252
A,Q-A02,Via Roma Sud,L3,PL-000253,LUM-0000FD,48,LED,45.44016,9.15123,P-000253
A,Q-A02,Via Roma Sud,L1,PL-000254,LUM-0000FE,48,LED,45.44028,9.15151,P-000254
A,Q-A02,Via Roma Sud,L2,PL-000255,LUM-0000FF,48,LED,45.4404,9.1515,P-000255
A,Q-A02,Via Roma Sud,L3,PL-000256,LUM-000100,48,LED,45.44052,9.15133,P-000256
A,Q-A02,Via Roma Sud,L1,PL-000257,LUM-000101,48,LED,45.44064,9.151,P-000257
A,Q-A02,Via Roma Sud,L2,PL-000258,LUM-000102,48,LED,45.44076,9.15148,P-000258
A,Q-A02,Via Roma Sud,L3,PL-000259,LUM-000103,72,LED,45.44088,9.15112,P-000259
A,Q-A02,Via Roma Sud,L1,PL-000260,LUM-000104,56,LED,45.441,9.15107,P-000260
A,Q-A02,Via Roma Sud,L2,PL-000261,LUM-000105,56,LED,45.44112,9.15145,P-000261
A,Q-A02,Via Roma Sud,L3,PL-000262,LUM-000106,48,LED,45.44124,9.15084,P-000262
A,Q-A02,Via Roma Sud,L1,PL-000263,LUM-000107,56,LED,45.44136,9.15078,P-000263
A,Q-A02,Via Roma Sud,L2,PL-000264,LUM-000108,48,LED,45.44148,9.1512,P-000264
A,Q-A02,Via Roma Sud,L3,PL-000265,LUM-000109,56,LED,45.4416,9.15127,P-000265
A,Q-A02,Via Roma Sud,L1,PL-000266,LUM-00010A,72,LED,45.44172,9.15081,P-000266
A,Q-A02,Via Roma Sud,L2,PL-000267,LUM-00010B,48,LED,45.44184,9.15126,P-000267
A,Q-A02,Via Roma Sud,L3,PL-000268,LUM-00010C,72,LED,45.44196,9.15079,P-000268
A,Q-A02,Via Roma Sud,L1,PL-000269,LUM-00010D,48,LED,45.44208,9.15107,P-000269
A,Q-A02,Via Roma Sud,L2,PL-000270,LUM-00010E,72,LED,45.4422,9.15086,P-000270
A,Q-A02,Via Roma Sud,L3,PL-000271,LUM-00010F,72,LED,45.44232,9.15086,P-000271
A,Q-A02,Via Roma Sud,L1,PL-000272,LUM-000110,48,LED,45.44244,9.1514,P-000272
A,Q-A02,Via Roma Sud,L2,PL-000273,LUM-000111,72,LED,45.44256,9.15137,P-000273
A,Q-A02,Via Roma Sud,L3,PL-000274,LUM-000112,48,LED,45.44268,9.15096,P-000274
A,Q-A02,Via Roma Sud,L1,PL-000275,LUM-000113,72,LED,45.4428,9.15136,P-000275
A,Q-A02,Via Roma Sud,L2,PL-000276,LUM-000114,56,LED,45.44292,9.15149,P-000276
A,Q-A02,Via Roma Sud,L3,PL-000277,LUM-000115,48,LED,45.44304,9.15131,P-000277
A,Q-A02,Via Roma Sud,L1,PL-000278,LUM-000116,56,LED,45.44316,9.15135,P-000278
A,Q-A02,Via Roma Sud,L2,PL-000279,LUM-000117,48,LED,45.44328,9.151,P-000279
A,Q-A02,Via Roma Sud,L3,PL-000280,LUM-000118,48,LED,45.4434,9.15138,P-000280
A,Q-A02,Via Roma Sud,L1,PL-000281,LUM-000119,72,LED,45.44352,9.15099,P-000281
A,Q-A02,Via Roma Sud,L2,PL-000282,LUM-00011A,72,LED,45.44364,9.15107,P-000282
A,Q-A02,Via Roma Sud,L3,PL-000283,LUM-00011B,72,LED,45.44376,9.15101,P-000283
A,Q-A02,Via Roma Sud,L1,PL-000284,LUM-00011C,48,LED,45.44388,9.15098,P-000284
A,Q-A02,Via Roma Sud,L2,PL-000285,LUM-00011D,48,LED,45.444,9.15116,P-000285
A,Q-A02,Via Roma Sud,L3,PL-000286,LUM-00011E,72,LED,45.44412,9.15084,P-000286
A,Q-A02,Via Roma Sud,L1,PL-000287,LUM-00011F,48,LED,45.44424,9.15141,P-000287
A,Q-A02,Via Roma Sud,L2,PL-000288,LUM-000120,56,LED,45.44436,9.15107,P-000288
A,Q-A02,Via Roma Sud,L3,PL-000289,LUM-000121,48,LED,45.44448,9.15101,P-000289
A,Q-A02,Via Roma Sud,L1,PL-000290,LUM-000122,48,LED,45.4446,9.15115,P-000290
A,Q-A02,Via Roma Sud,L2,PL-000291,LUM-000123,56,LED,45.44472,9.15081,P-000291
A,Q-A02,Via Roma Sud,L3,PL-000292,LUM-000124,72,LED,45.44484,9.15139,P-000292
A,Q-A02,Via Roma Sud,L1,PL-000293,LUM-000125,56,LED,45.44496,9.15126,P-000293
A,Q-A02,Via Roma Sud,L2,PL-000294,LUM-000126,48,LED,45.44508,9.15126,P-000294
A,Q-A02,Via Roma Sud,L3,PL-000295,LUM-000127,48,LED,45.4452,9.15094,P-000295
A,Q-A02,Via Roma Sud,L1,PL-000296,LUM-000128,72,LED,45.44532,9.15094,P-000296
A,Q-A02,Via Roma Sud,L2,PL-000297,LUM-000129,72,LED,45.44544,9.15102,P-000297
A,Q-A02,Via Roma Sud,L3,PL-000298,LUM-00012A,48,LED,45.44556,9.15111,P-000298
A,Q-A02,Via Roma Sud,L1,PL-000299,LUM-00012B,72,LED,45.44568,9.15106,P-000299
A,Q-A02,Via Roma Sud,L2,PL-000300,LUM-00012C,48,LED,45.4458,9.15142,P-000300
A,Q-A02,Via Roma Sud,L3,PL-000301,LUM-00012D,72,LED,45.44592,9.15106,P-000301
A,Q-A02,Via Roma Sud,L1,PL-000302,LUM-00012E,56,LED,45.44604,9.15128,P-000302
A,Q-A02,Via Roma Sud,L2,PL-000303,LUM-00012F,72,LED,45.44616,9.15097,P-000303
A,Q-A02,Via Roma Sud,L3,PL-000304,LUM-000130,56,LED,45.44628,9.15125,P-000304
A,Q-A02,Via Roma Sud,L1,PL-000305,LUM-000131,72,LED,45.4464,9.15146,P-000305
A,Q-A02,Via Roma Sud,L2,PL-000306,LUM-000132,56,LED,45.44652,9.15078,P-000306
A,Q-A02,Via Roma Sud,L3,PL-000307,LUM-000133,56,LED,45.44664,9.15104,P-000307
A,Q-A02,Via Roma Sud,L1,PL-000308,LUM-000134,48,LED,45.44676,9.1511,P-000308
A,Q-A02,Via Roma Sud,L2,PL-000309,LUM-000135,72,LED,45.44688,9.15103,P-000309
A,Q-A02,Via Roma Sud,L3,PL-000310,LUM-000136,56,LED,45.447,9.15149,P-000310
A,Q-A02,Via Roma Sud,L1,PL-000311,LUM-000137,48,LED,45.44712,9.15136,P-000311
A,Q-A02,Via Roma Sud,L2,PL-000312,LUM-000138,72,LED,45.44724,9.1513,P-000312
A,Q-A02,Via Roma Sud,L3,PL-000313,LUM-000139,48,LED,45.44736,9.15095,P-000313
A,Q-A02,Via Roma Sud,L1,PL-000314,LUM-00013A,56,LED,45.44748,9.1514,P-000314
A,Q-A02,Via Roma Sud,L2,PL-000315,LUM-00013B,48,LED,45.4476,9.15146,P-000315
A,Q-A02,Via Roma Sud,L3,PL-000316,LUM-00013C,72,LED,45.44772,9.15102,P-000316
A,Q-A02,Via Roma Sud,L1,PL-000317,LUM-00013D,56,LED,45.44784,9.15078,P-000317
A,Q-A02,Via Roma Sud,L2,PL-000318,LUM-00013E,56,LED,45.44796,9.1512,P-000318
A,Q-A02,Via Roma Sud,L3,PL-000319,LUM-00013F,48,LED,45.44808,9.15108,P-000319
A,Q-A02,Via Roma Sud,L1,PL-000320,LUM-000140,48,LED,45.4482,9.15094,P-000320
A,Q-A03,Viale Stazione,L1,PL-000321,LUM-000141,56,LED,45.42295,9.11992,P-000321
A,Q-A03,Viale Stazione,L2,PL-000322,LUM-000142,56,LED,45.42307,9.11993,P-000322
A,Q-A03,Viale Stazione,L3,PL-000323,LUM-000143,72,LED,45.42319,9.12,P-000323
A,Q-A03,Viale Stazione,L1,PL-000324,LUM-000144,56,LED,45.42331,9.12057,P-000324
A,Q-A03,Viale Stazione,L2,PL-000325,LUM-000145,48,LED,45.42343,9.12003,P-000325
A,Q-A03,Viale Stazione,L3,PL-000326,LUM-000146,56,LED,45.42355,9.12033,P-000326
A,Q-A03,Viale Stazione,L1,PL-000327,LUM-000147,48,LED,45.42367,9.11987,P-000327
A,Q-A03,Viale Stazione,L2,PL-000328,LUM-000148,72,LED,45.42379,9.11979,P-000328
A,Q-A03,Viale Stazione,L3,PL-000329,LUM-000149,56,LED,45.42391,9.12058,P-000329
A,Q-A03,Viale Stazione,L1,PL-000330,LUM-00014A,56,LED,45.42403,9.12022,P-000330
A,Q-A03,Viale Stazione,L2,PL-000331,LUM-00014B,72,LED,45.42415,9.12008,P-000331
A,Q-A03,Viale Stazione,L3,PL-000332,LUM-00014C,72,LED,45.42427,9.12027,P-000332
A,Q-A03,Viale Stazione,L1,PL-000333,LUM-00014D,56,LED,45.42439,9.12001,P-000333
A,Q-A03,Viale Stazione,L2,PL-000334,LUM-00014E,56,LED,45.42451,9.11986,P-000334
A,Q-A03,Viale Stazione,L3,PL-000335,LUM-00014F,48,LED,45.42463,9.12024,P-000335
A,Q-A03,Viale Stazione,L1,PL-000336,LUM-000150,72,LED,45.42475,9.12033,P-000336
A,Q-A03,Viale Stazione,L2,PL-000337,LUM-000151,72,LED,45.42487,9.12057,P-000337
A,Q-A03,Viale Stazione,L3,PL-000338,LUM-000152,72,LED,45.42499,9.12021,P-000338
A,Q-A03,Viale Stazione,L1,PL-000339,LUM-000153,72,LED,45.42511,9.12036,P-000339
A,Q-A03,Viale Stazione,L2,PL-000340,LUM-000154,48,LED,45.42523,9.12044,P-000340
A,Q-A03,Viale Stazione,L3,PL-000341,LUM-000155,48,LED,45.42535,9.12019,P-000341
A,Q-A03,Viale Stazione,L1,PL-000342,LUM-000156,72,LED,45.42547,9.12019,P-000342
A,Q-A03,Viale Stazione,L2,PL-000343,LUM-000157,48,LED,45.42559,9.12008,P-000343
A,Q-A03,Viale Stazione,L3,PL-000344,LUM-000158,48,LED,45.42571,9.1203,P-000344
A,Q-A03,Viale Stazione,L1,PL-000345,LUM-000159,72,LED,45.42583,9.12049,P-000345
A,Q-A03,Viale Stazione,L2,PL-000346,LUM-00015A,56,LED,45.42595,9.12038,P-000346
A,Q-A03,Viale Stazione,L3,PL-000347,LUM-00015B,72,LED,45.42607,9.11981,P-000347
A,Q-A03,Viale Stazione,L1,PL-000348,LUM-00015C,72,LED,45.42619,9.12021,P-000348
A,Q-A03,Viale Stazione,L2,PL-000349,LUM-00015D,56,LED,45.42631,9.12042,P-000349
A,Q-A03,Viale Stazione,L3,PL-000350,LUM-00015E,72,LED,45.42643,9.11983,P-000350
A,Q-A03,Viale Stazione,L1,PL-000351,LUM-00015F,72,LED,45.42655,9.1198,P-000351
A,Q-A03,Viale Stazione,L2,PL-000352,LUM-000160,48,LED,45.42667,9.12054,P-000352
A,Q-A03,Viale Stazione,L3,PL-000353,LUM-000161,48,LED,45.42679,9.11985,P-000353
A,Q-A03,Viale Stazione,L1,PL-000354,LUM-000162,48,LED,45.42691,9.1203,P-000354
A,Q-A03,Viale Stazione,L2,PL-000355,LUM-000163,48,LED,45.42703,9.12017,P-000355
A,Q-A03,Viale Stazione,L3,PL-000356,LUM-000164,72,LED,45.42715,9.12,P-000356
A,Q-A03,Viale Stazione,L1,PL-000357,LUM-000165,72,LED,45.42727,9.11988,P-000357
A,Q-A03,Viale Stazione,L2,PL-000358,LUM-000166,72,LED,45.42739,9.12005,P-000358
A,Q-A03,Viale Stazione,L3,PL-000359,LUM-000167,56,LED,45.42751,9.12023,P-000359
A,Q-A03,Viale Stazione,L1,PL-000360,LUM-000168,56,LED,45.42763,9.11979,P-000360
A,Q-A03,Viale Stazione,L2,PL-000361,LUM-000169,56,LED,45.42775,9.12053,P-000361
A,Q-A03,Viale Stazione,L3,PL-000362,LUM-00016A,56,LED,45.42787,9.1203,P-000362
A,Q-A03,Viale Stazione,L1,PL-000363,LUM-00016B,72,LED,45.42799,9.12026,P-000363
A,Q-A03,Viale Stazione,L2,PL-000364,LUM-00016C,48,LED,45.42811,9.11988,P-000364
A,Q-A03,Viale Stazione,L3,PL-000365,LUM-00016D,72,LED,45.42823,9.12027,P-000365
A,Q-A03,Viale Stazione,L1,PL-000366,LUM-00016E,72,LED,45.42835,9.12048,P-000366
A,Q-A03,Viale Stazione,L2,PL-000367,LUM-00016F,48,LED,45.42847,9.12019,P-000367
A,Q-A03,Viale Stazione,L3,PL-000368,LUM-000170,48,LED,45.42859,9.11997,P-000368
A,Q-A03,Viale Stazione,L1,PL-000369,LUM-000171,48,LED,45.42871,9.11982,P-000369
A,Q-A03,Viale Stazione,L2,PL-000370,LUM-000172,72,LED,45.42883,9.12041,P-000370
A,Q-A03,Viale Stazione,L3,PL-000371,LUM-000173,48,LED,45.42895,9.12025,P-000371
A,Q-A03,Viale Stazione,L1,PL-000372,LUM-000174,56,LED,45.42907,9.1205,P-000372
A,Q-A03,Viale Stazione,L2,PL-000373,LUM-000175,56,LED,45.42919,9.12051,P-000373
A,Q-A03,Viale Stazione,L3,PL-000374,LUM-000176,56,LED,45.42931,9.11989,P-000374
A,Q-A03,Viale Stazione,L1,PL-000375,LUM-000177,72,LED,45.42943,9.12055,P-000375
A,Q-A03,Viale Stazione,L2,PL-000376,LUM-000178,48,LED,45.42955,9.12048,P-000376
A,Q-A03,Viale Stazione,L3,PL-000377,LUM-000179,56,LED,45.42967,9.11987,P-000377
A,Q-A03,Viale Stazione,L1,PL-000378,LUM-00017A,56,LED,45.42979,9.12006,P-000378
A,Q-A03,Viale Stazione,L2,PL-000379,LUM-00017B,48,LED,45.42991,9.12027,P-000379
A,Q-A03,Viale Stazione,L3,PL-000380,LUM-00017C,72,LED,45.43003,9.11981,P-000380
A,Q-A03,Viale Stazione,L1,PL-000381,LUM-00017D,56,LED,45.43015,9.12029,P-000381
A,Q-A03,Viale Stazione,L2,PL-000382,LUM-00017E,72,LED,45.43027,9.12031,P-000382
A,Q-A03,Viale Stazione,L3,PL-000383,LUM-00017F,72,LED,45.43039,9.11988,P-000383
A,Q-A03,Viale Stazione,L1,PL-000384,LUM-000180,56,LED,45.43051,9.1198,P-000384
A,Q-A03,Viale Stazione,L2,PL-000385,LUM-000181,72,LED,45.43063,9.12019,P-000385
A,Q-A03,Viale Stazione,L3,PL-000386,LUM-000182,72,LED,45.43075,9.12052,P-000386
A,Q-A03,Viale Stazione,L1,PL-000387,LUM-000183,48,LED,45.43087,9.11988,P-000387
A,Q-A03,Viale Stazione,L2,PL-000388,LUM-000184,48,LED,45.43099,9.12054,P-000388
A,Q-A03,Viale Stazione,L3,PL-000389,LUM-000185,72,LED,45.43111,9.1205,P-000389
A,Q-A03,Viale Stazione,L1,PL-000390,LUM-000186,48,LED,45.43123,9.12048,P-000390
A,Q-A03,Viale Stazione,L2,PL-000391,LUM-000187,56,LED,45.43135,9.12027,P-000391
A,Q-A03,Viale Stazione,L3,PL-000392,LUM-000188,56,LED,45.43147,9.12004,P-000392
A,Q-A03,Viale Stazione,L1,PL-000393,LUM-000189,72,LED,45.43159,9.11992,P-000393
A,Q-A03,Viale Stazione,L2,PL-000394,LUM-00018A,56,LED,45.43171,9.12054,P-000394
A,Q-A03,Viale Stazione,L3,PL-000395,LUM-00018B,48,LED,45.43183,9.1202,P-000395
A,Q-A03,Viale Stazione,L1,PL-000396,LUM-00018C,48,LED,45.43195,9.11989,P-000396
A,Q-A03,Viale Stazione,L2,PL-000397,LUM-00018D,56,LED,45.43207,9.12044,P-000397
A,Q-A03,Viale Stazione,L3,PL-000398,LUM-00018E,72,LED,45.43219,9.12004,P-000398
A,Q-A03,Viale Stazione,L1,PL-000399,LUM-00018F,72,LED,45.43231,9.12031,P-000399
A,Q-A03,Viale Stazione,L2,PL-000400,LUM-000190,48,LED,45.43243,9.12028,P-000400
A,Q-A03,Viale Stazione,L3,PL-000401,LUM-000191,56,LED,45.43255,9.11987,P-000401
A,Q-A03,Viale Stazione,L1,PL-000402,LUM-000192,48,LED,45.43267,9.12058,P-000402
A,Q-A03,Viale Stazione,L2,PL-000403,LUM-000193,48,LED,45.43279,9.12011,P-000403
A,Q-A03,Viale Stazione,L3,PL-000404,LUM-000194,48,LED,45.43291,9.11985,P-000404
A,Q-A03,Viale Stazione,L1,PL-000405,LUM-000195,72,LED,45.43303,9.12018,P-000405
A,Q-A03,Viale Stazione,L2,PL-000406,LUM-000196,56,LED,45.43315,9.12,P-000406
A,Q-A03,Viale Stazione,L3,PL-000407,LUM-000197,48,LED,45.43327,9.12055,P-000407
A,Q-A03,Viale Stazione,L1,PL-000408,LUM-000198,72,LED,45.43339,9.12007,P-000408
A,Q-A03,Viale Stazione,L2,PL-000409,LUM-000199,56,LED,45.43351,9.12036,P-000409
A,Q-A03,Viale Stazione,L3,PL-000410,LUM-00019A,72,LED,45.43363,9.12017,P-000410
A,Q-A03,Viale Stazione,L1,PL-000411,LUM-00019B,56,LED,45.43375,9.11985,P-000411
A,Q-A03,Viale Stazione,L2,PL-000412,LUM-00019C,72,LED,45.43387,9.12024,P-000412
A,Q-A03,Viale Stazione,L3,PL-000413,LUM-00019D,56,LED,45.43399,9.11982,P-000413
A,Q-A03,Viale Stazione,L1,PL-000414,LUM-00019E,48,LED,45.43411,9.11989,P-000414
A,Q-A03,Viale Stazione,L2,PL-000415,LUM-00019F,72,LED,45.43423,9.12051,P-000415
A,Q-A03,Viale Stazione,L3,PL-000416,LUM-0001A0,72,LED,45.43435,9.12026,P-000416
A,Q-A03,Viale Stazione,L1,PL-000417,LUM-0001A1,72,LED,45.43447,9.11986,P-000417
A,Q-A03,Viale Stazione,L2,PL-000418,LUM-0001A2,72,LED,45.43459,9.11979,P-000418
A,Q-A03,Viale Stazione,L3,PL-000419,LUM-0001A3,72,LED,45.43471,9.1204,P-000419
A,Q-A03,Viale Stazione,L1,PL-000420,LUM-0001A4,56,LED,45.43483,9.11989,P-000420
A,Q-A03,Viale Stazione,L2,PL-000421,LUM-0001A5,72,LED,45.43495,9.1199,P-000421
A,Q-A03,Viale Stazione,L3,PL-000422,LUM-0001A6,72,LED,45.43507,9.12051,P-000422
A,Q-A03,Viale Stazione,L1,PL-000423,LUM-0001A7,48,LED,45.43519,9.12039,P-000423
A,Q-A03,Viale Stazione,L2,PL-000424,LUM-0001A8,48,LED,45.43531,9.12039,P-000424
A,Q-A03,Viale Stazione,L3,PL-000425,LUM-0001A9,72,LED,45.43543,9.12016,P-000425
A,Q-A03,Viale Stazione,L1,PL-000426,LUM-0001AA,72,LED,45.43555,9.11998,P-000426
A,Q-A03,Viale Stazione,L2,PL-000427,LUM-0001AB,72,LED,45.43567,9.11996,P-000427
A,Q-A03,Viale Stazione,L3,PL-000428,LUM-0001AC,72,LED,45.43579,9.12042,P-000428
A,Q-A03,Viale Stazione,L1,PL-000429,LUM-0001AD,56,LED,45.43591,9.11995,P-000429
A,Q-A03,Viale Stazione,L2,PL-000430,LUM-0001AE,72,LED,45.43603,9.11982,P-000430
A,Q-A03,Viale Stazione,L3,PL-000431,LUM-0001AF,72,LED,45.43615,9.11981,P-000431
A,Q-A03,Viale Stazione,L1,PL-000432,LUM-0001B0,48,LED,45.43627,9.11994,P-000432
A,Q-A03,Viale Stazione,L2,PL-000433,LUM-0001B1,56,LED,45.43639,9.11995,P-000433
A,Q-A03,Viale Stazione,L3,PL-000434,LUM-0001B2,72,LED,45.43651,9.12008,P-000434
A,Q-A03,Viale Stazione,L1,PL-000435,LUM-0001B3,56,LED,45.43663,9.12038,P-000435
A,Q-A03,Viale Stazione,L2,PL-000436,LUM-0001B4,72,LED,45.43675,9.1205,P-000436
A,Q-A03,Viale Stazione,L3,PL-000437,LUM-0001B5,72,LED,45.43687,9.12025,P-000437
A,Q-A03,Viale Stazione,L1,PL-000438,LUM-0001B6,48,LED,45.43699,9.12031,P-000438
A,Q-A03,Viale Stazione,L2,PL-000439,LUM-0001B7,72,LED,45.43711,9.12052,P-000439
A,Q-A03,Viale Stazione,L3,PL-000440,LUM-0001B8,48,LED,45.43723,9.12007,P-000440
A,Q-A03,Viale Stazione,L1,PL-000441,LUM-0001B9,48,LED,45.43735,9.12036,P-000441
A,Q-A03,Viale Stazione,L2,PL-000442,LUM-0001BA,72,LED,45.43747,9.12036,P-000442
A,Q-A03,Viale Stazione,L3,PL-000443,LUM-0001BB,56,LED,45.43759,9.12049,P-000443
A,Q-A03,Viale Stazione,L1,PL-000444,LUM-0001BC,48,LED,45.43771,9.11998,P-000444
A,Q-A03,Viale Stazione,L2,PL-000445,LUM-0001BD,72,LED,45.43783,9.12011,P-000445
A,Q-A03,Viale Stazione,L3,PL-000446,LUM-0001BE,72,LED,45.43795,9.12045,P-000446
A,Q-A03,Viale Stazione,L1,PL-000447,LUM-0001BF,72,LED,45.43807,9.11991,P-000447
A,Q-A03,Viale Stazione,L2,PL-000448,LUM-0001C0,72,LED,45.43819,9.11985,P-000448
A,Q-A03,Viale Stazione,L3,PL-000449,LUM-0001C1,56,LED,45.43831,9.12055,P-000449
A,Q-A03,Viale Stazione,L1,PL-000450,LUM-0001C2,72,LED,45.43843,9.12049,P-000450
A,Q-A03,Viale Stazione,L2,PL-000451,LUM-0001C3,48,LED,45.43855,9.11979,P-000451
A,Q-A03,Viale Stazione,L3,PL-000452,LUM-0001C4,48,LED,45.43867,9.11992,P-000452
A,Q-A03,Viale Stazione,L1,PL-000453,LUM-0001C5,72,LED,45.43879,9.11988,P-000453
A,Q-A03,Viale Stazione,L2,PL-000454,LUM-0001C6,48,LED,45.43891,9.12002,P-000454
A,Q-A03,Viale Stazione,L3,PL-000455,LUM-0001C7,56,LED,45.43903,9.12017,P-000455
A,Q-A03,Viale Stazione,L1,PL-000456,LUM-0001C8,48,LED,45.43915,9.11987,P-000456
A,Q-A03,Viale Stazione,L2,PL-000457,LUM-0001C9,48,LED,45.43927,9.11986,P-000457
A,Q-A03,Viale Stazione,L3,PL-000458,LUM-0001CA,56,LED,45.43939,9.12021,P-000458
A,Q-A03,Viale Stazione,L1,PL-000459,LUM-0001CB,48,LED,45.43951,9.12019,P-000459
A,Q-A03,Viale Stazione,L2,PL-000460,LUM-0001CC,48,LED,45.43963,9.12005,P-000460
A,Q-A03,Viale Stazione,L3,PL-000461,LUM-0001CD,56,LED,45.43975,9.12055,P-000461
A,Q-A03,Viale Stazione,L1,PL-000462,LUM-0001CE,56,LED,45.43987,9.12028,P-000462
A,Q-A03,Viale Stazione,L2,PL-000463,LUM-0001CF,48,LED,45.43999,9.12006,P-000463
A,Q-A03,Viale Stazione,L3,PL-000464,LUM-0001D0,72,LED,45.44011,9.12036,P-000464
A,Q-A03,Viale Stazione,L1,PL-000465,LUM-0001D1,48,LED,45.44023,9.11996,P-000465
A,Q-A03,Viale Stazione,L2,PL-000466,LUM-0001D2,56,LED,45.44035,9.12058,P-000466
A,Q-A03,Viale Stazione,L3,PL-000467,LUM-0001D3,56,LED,45.44047,9.12053,P-000467
A,Q-A03,Viale Stazione,L1,PL-000468,LUM-0001D4,48,LED,45.44059,9.11982,P-000468
A,Q-A03,Viale Stazione,L2,PL-000469,LUM-0001D5,56,LED,45.44071,9.12042,P-000469
A,Q-A03,Viale Stazione,L3,PL-000470,LUM-0001D6,48,LED,45.44083,9.12054,P-000470
A,Q-A03,Viale Stazione,L1,PL-000471,LUM-0001D7,56,LED,45.44095,9.12016,P-000471
A,Q-A03,Viale Stazione,L2,PL-000472,LUM-0001D8,72,LED,45.44107,9.11987,P-000472
A,Q-A03,Viale Stazione,L3,PL-000473,LUM-0001D9,48,LED,45.44119,9.11982,P-000473
A,Q-A03,Viale Stazione,L1,PL-000474,LUM-0001DA,72,LED,45.44131,9.12028,P-000474
A,Q-A03,Viale Stazione,L2,PL-000475,LUM-0001DB,56,LED,45.44143,9.12032,P-000475
A,Q-A03,Viale Stazione,L3,PL-000476,LUM-0001DC,72,LED,45.44155,9.11981,P-000476
A,Q-A03,Viale Stazione,L1,PL-000477,LUM-0001DD,72,LED,45.44167,9.12034,P-000477
A,Q-A03,Viale Stazione,L2,PL-000478,LUM-0001DE,48,LED,45.44179,9.12035,P-000478
A,Q-A03,Viale Stazione,L3,PL-000479,LUM-0001DF,48,LED,45.44191,9.12013,P-000479
A,Q-A03,Viale Stazione,L1,PL-000480,LUM-0001E0,56,LED,45.44203,9.12005,P-000480
A,Q-A04,Corso Italia,L1,PL-000481,LUM-0001E1,48,LED,45.39201,9.12067,P-000481
A,Q-A04,Corso Italia,L2,PL-000482,LUM-0001E2,72,LED,45.39213,9.12113,P-000482
A,Q-A04,Corso Italia,L3,PL-000483,LUM-0001E3,48,LED,45.39225,9.12077,P-000483
A,Q-A04,Corso Italia,L1,PL-000484,LUM-0001E4,72,LED,45.39237,9.12097,P-000484
A,Q-A04,Corso Italia,L2,PL-000485,LUM-0001E5,48,LED,45.39249,9.1205,P-000485
A,Q-A04,Corso Italia,L3,PL-000486,LUM-0001E6,72,LED,45.39261,9.12057,P-000486
A,Q-A04,Corso Italia,L1,PL-000487,LUM-0001E7,72,LED,45.39273,9.12078,P-000487
A,Q-A04,Corso Italia,L2,PL-000488,LUM-0001E8,72,LED,45.39285,9.12094,P-000488
A,Q-A04,Corso Italia,L3,PL-000489,LUM-0001E9,48,LED,45.39297,9.12114,P-000489
A,Q-A04,Corso Italia,L1,PL-000490,LUM-0001EA,72,LED,45.39309,9.12058,P-000490
A,Q-A04,Corso Italia,L2,PL-000491,LUM-0001EB,56,LED,45.39321,9.1206,P-000491
A,Q-A04,Corso Italia,L3,PL-000492,LUM-0001EC,72,LED,45.39333,9.12068,P-000492
A,Q-A04,Corso Italia,L1,PL-000493,LUM-0001ED,72,LED,45.39345,9.12066,P-000493
A,Q-A04,Corso Italia,L2,PL-000494,LUM-0001EE,56,LED,45.39357,9.12047,P-000494
A,Q-A04,Corso Italia,L3,PL-000495,LUM-0001EF,48,LED,45.39369,9.12071,P-000495
A,Q-A04,Corso Italia,L1,PL-000496,LUM-0001F0,72,LED,45.39381,9.12093,P-000496
A,Q-A04,Corso Italia,L2,PL-000497,LUM-0001F1,48,LED,45.39393,9.12069,P-000497
A,Q-A04,Corso Italia,L3,PL-000498,LUM-0001F2,48,LED,45.39405,9.1205,P-000498
A,Q-A04,Corso Italia,L1,PL-000499,LUM-0001F3,48,LED,45.39417,9.12116,P-000499
A,Q-A04,Corso Italia,L2,PL-000500,LUM-0001F4,48,LED,45.39429,9.12044,P-000500
A,Q-A04,Corso Italia,L3,PL-000501,LUM-0001F5,72,LED,45.39441,9.121,P-000501
A,Q-A04,Corso Italia,L1,PL-000502,LUM-0001F6,72,LED,45.39453,9.12088,P-000502
A,Q-A04,Corso Italia,L2,PL-000503,LUM-0001F7,72,LED,45.39465,9.12073,P-000503
A,Q-A04,Corso Italia,L3,PL-000504,LUM-0001F8,72,LED,45.39477,9.12105,P-000504
A,Q-A04,Corso Italia,L1,PL-000505,LUM-0001F9,56,LED,45.39489,9.12116,P-000505
A,Q-A04,Corso Italia,L2,PL-000506,LUM-0001FA,56,LED,45.39501,9.12046,P-000506
A,Q-A04,Corso Italia,L3,PL-000507,LUM-0001FB,72,LED,45.39513,9.12099,P-000507
A,Q-A04,Corso Italia,L1,PL-000508,LUM-0001FC,72,LED,45.39525,9.12077,P-000508
A,Q-A04,Corso Italia,L2,PL-000509,LUM-0001FD,56,LED,45.39537,9.12051,P-000509
A,Q-A04,Corso Italia,L3,PL-000510,LUM-0001FE,72,LED,45.39549,9.12113,P-000510
A,Q-A04,Corso Italia,L1,PL-000511,LUM-0001FF,48,LED,45.39561,9.12095,P-000511
A,Q-A04,Corso Italia,L2,PL-000512,LUM-000200,48,LED,45.39573,9.12076,P-000512
A,Q-A04,Corso Italia,L3,PL-000513,LUM-000201,72,LED,45.39585,9.12068,P-000513
A,Q-A04,Corso Italia,L1,PL-000514,LUM-000202,56,LED,45.39597,9.1212,P-000514
A,Q-A04,Corso Italia,L2,PL-000515,LUM-000203,48,LED,45.39609,9.12079,P-000515
A,Q-A04,Corso Italia,L3,PL-000516,LUM-000204,48,LED,45.39621,9.12116,P-000516
A,Q-A04,Corso Italia,L1,PL-000517,LUM-000205,48,LED,45.39633,9.12109,P-000517
A,Q-A04,Corso Italia,L2,PL-000518,LUM-000206,56,LED,45.39645,9.12087,P-000518
A,Q-A04,Corso Italia,L3,PL-000519,LUM-000207,48,LED,45.39657,9.12098,P-000519
A,Q-A04,Corso Italia,L1,PL-000520,LUM-000208,72,LED,45.39669,9.12052,P-000520
A,Q-A04,Corso Italia,L2,PL-000521,LUM-000209,48,LED,45.39681,9.12081,P-000521
A,Q-A04,Corso Italia,L3,PL-000522,LUM-00020A,48,LED,45.39693,9.12102,P-000522
A,Q-A04,Corso Italia,L1,PL-000523,LUM-00020B,56,LED,45.39705,9.12092,P-000523
A,Q-A04,Corso Italia,L2,PL-000524,LUM-00020C,72,LED,45.39717,9.1209,P-000524
A,Q-A04,Corso Italia,L3,PL-000525,LUM-00020D,48,LED,45.39729,9.12074,P-000525
A,Q-A04,Corso Italia,L1,PL-000526,LUM-00020E,48,LED,45.39741,9.12055,P-000526
A,Q-A04,Corso Italia,L2,PL-000527,LUM-00020F,72,LED,45.39753,9.12051,P-000527
A,Q-A04,Corso Italia,L3,PL-000528,LUM-000210,48,LED,45.39765,9.12062,P-000528
A,Q-A04,Corso Italia,L1,PL-000529,LUM-000211,48,LED,45.39777,9.1209,P-000529
A,Q-A04,Corso Italia,L2,PL-000530,LUM-000212,72,LED,45.39789,9.12069,P-000530
A,Q-A04,Corso Italia,L3,PL-000531,LUM-000213,56,LED,45.39801,9.1206,P-000531
A,Q-A04,Corso Italia,L1,PL-000532,LUM-000214,56,LED,45.39813,9.12081,P-000532
A,Q-A04,Corso Italia,L2,PL-000533,LUM-000215,56,LED,45.39825,9.12121,P-000533
A,Q-A04,Corso Italia,L3,PL-000534,LUM-000216,72,LED,45.39837,9.12067,P-000534
A,Q-A04,Corso Italia,L1,PL-000535,LUM-000217,56,LED,45.39849,9.12103,P-000535
A,Q-A04,Corso Italia,L2,PL-000536,LUM-000218,48,LED,45.39861,9.12067,P-000536
A,Q-A04,Corso Italia,L3,PL-000537,LUM-000219,56,LED,45.39873,9.1211,P-000537
A,Q-A04,Corso Italia,L1,PL-000538,LUM-00021A,48,LED,45.39885,9.12081,P-000538
A,Q-A04,Corso Italia,L2,PL-000539,LUM-00021B,56,LED,45.39897,9.12057,P-000539
A,Q-A04,Corso Italia,L3,PL-000540,LUM-00021C,48,LED,45.39909,9.12088,P-000540
A,Q-A04,Corso Italia,L1,PL-000541,LUM-00021D,72,LED,45.39921,9.12079,P-000541
A,Q-A04,Corso Italia,L2,PL-000542,LUM-00021E,56,LED,45.39933,9.1205,P-000542
A,Q-A04,Corso Italia,L3,PL-000543,LUM-00021F,72,LED,45.39945,9.12074,P-000543
A,Q-A04,Corso Italia,L1,PL-000544,LUM-000220,56,LED,45.39957,9.12058,P-000544
A,Q-A04,Corso Italia,L2,PL-000545,LUM-000221,72,LED,45.39969,9.12045,P-000545
A,Q-A04,Corso Italia,L3,PL-000546,LUM-000222,56,LED,45.39981,9.12049,P-000546
A,Q-A04,Corso Italia,L1,PL-000547,LUM-000223,48,LED,45.39993,9.12085,P-000547
A,Q-A04,Corso Italia,L2,PL-000548,LUM-000224,56,LED,45.40005,9.12098,P-000548
A,Q-A04,Corso Italia,L3,PL-000549,LUM-000225,48,LED,45.40017,9.12059,P-000549
A,Q-A04,Corso Italia,L1,PL-000550,LUM-000226,72,LED,45.40029,9.12102,P-000550
A,Q-A04,Corso Italia,L2,PL-000551,LUM-000227,72,LED,45.40041,9.1206,P-000551
A,Q-A04,Corso Italia,L3,PL-000552,LUM-000228,48,LED,45.40053,9.12105,P-000552
A,Q-A04,Corso Italia,L1,PL-000553,LUM-000229,48,LED,45.40065,9.12047,P-000553
A,Q-A04,Corso Italia,L2,PL-000554,LUM-00022A,48,LED,45.40077,9.12073,P-000554
A,Q-A04,Corso Italia,L3,PL-000555,LUM-00022B,48,LED,45.40089,9.12123,P-000555
A,Q-A04,Corso Italia,L1,PL-000556,LUM-00022C,56,LED,45.40101,9.12077,P-000556
A,Q-A04,Corso Italia,L2,PL-000557,LUM-00022D,72,LED,45.40113,9.12068,P-000557
A,Q-A04,Corso Italia,L3,PL-000558,LUM-00022E,48,LED,45.40125,9.12099,P-000558
A,Q-A04,Corso Italia,L1,PL-000559,LUM-00022F,48,LED,45.40137,9.12073,P-000559
A,Q-A04,Corso Italia,L2,PL-000560,LUM-000230,72,LED,45.40149,9.12063,P-000560
A,Q-A04,Corso Italia,L3,PL-000561,LUM-000231,56,LED,45.40161,9.12046,P-000561
A,Q-A04,Corso Italia,L1,PL-000562,LUM-000232,48,LED,45.40173,9.12123,P-000562
A,Q-A04,Corso Italia,L2,PL-000563,LUM-000233,48,LED,45.40185,9.12096,P-000563
A,Q-A04,Corso Italia,L3,PL-000564,LUM-000234,56,LED,45.40197,9.12115,P-000564
A,Q-A04,Corso Italia,L1,PL-000565,LUM-000235,72,LED,45.40209,9.12123,P-000565
A,Q-A04,Corso Italia,L2,PL-000566,LUM-000236,72,LED,45.40221,9.12078,P-000566
A,Q-A04,Corso Italia,L3,PL-000567,LUM-000237,72,LED,45.40233,9.12104,P-000567
A,Q-A04,Corso Italia,L1,PL-000568,LUM-000238,56,LED,45.40245,9.12056,P-000568
A,Q-A04,Corso Italia,L2,PL-000569,LUM-000239,48,LED,45.40257,9.12076,P-000569
A,Q-A04,Corso Italia,L3,PL-000570,LUM-00023A,72,LED,45.40269,9.12109,P-000570
A,Q-A04,Corso Italia,L1,PL-000571,LUM-00023B,72,LED,45.40281,9.12099,P-000571
A,Q-A04,Corso Italia,L2,PL-000572,LUM-00023C,72,LED,45.40293,9.12104,P-000572
A,Q-A04,Corso Italia,L3,PL-000573,LUM-00023D,48,LED,45.40305,9.1212,P-000573
A,Q-A04,Corso Italia,L1,PL-000574,LUM-00023E,48,LED,45.40317,9.12105,P-000574
A,Q-A04,Corso Italia,L2,PL-000575,LUM-00023F,56,LED,45.40329,9.12053,P-000575
A,Q-A04,Corso Italia,L3,PL-000576,LUM-000240,72,LED,45.40341,9.12048,P-000576
A,Q-A04,Corso Italia,L1,PL-000577,LUM-000241,56,LED,45.40353,9.12047,P-000577
A,Q-A04,Corso Italia,L2,PL-000578,LUM-000242,72,LED,45.40365,9.12055,P-000578
A,Q-A04,Corso Italia,L3,PL-000579,LUM-000243,72,LED,45.40377,9.12084,P-000579
A,Q-A04,Corso Italia,L1,PL-000580,LUM-000244,56,LED,45.40389,9.12124,P-000580
A,Q-A04,Corso Italia,L2,PL-000581,LUM-000245,56,LED,45.40401,9.12107,P-000581
A,Q-A04,Corso Italia,L3,PL-000582,LUM-000246,56,LED,45.40413,9.1209,P-000582
A,Q-A04,Corso Italia,L1,PL-000583,LUM-000247,72,LED,45.40425,9.12061,P-000583
A,Q-A04,Corso Italia,L2,PL-000584,LUM-000248,72,LED,45.40437,9.12118,P-000584
A,Q-A04,Corso Italia,L3,PL-000585,LUM-000249,48,LED,45.40449,9.12057,P-000585
A,Q-A04,Corso Italia,L1,PL-000586,LUM-00024A,48,LED,45.40461,9.12089,P-000586
A,Q-A04,Corso Italia,L2,PL-000587,LUM-00024B,48,LED,45.40473,9.12081,P-000587
A,Q-A04,Corso Italia,L3,PL-000588,LUM-00024C,56,LED,45.40485,9.12073,P-000588
A,Q-A04,Corso Italia,L1,PL-000589,LUM-00024D,48,LED,45.40497,9.12096,P-000589
A,Q-A04,Corso Italia,L2,PL-000590,LUM-00024E,56,LED,45.40509,9.12096,P-000590
A,Q-A04,Corso Italia,L3,PL-000591,LUM-00024F,72,LED,45.40521,9.12067,P-000591
A,Q-A04,Corso Italia,L1,PL-000592,LUM-000250,48,LED,45.40533,9.12086,P-000592
A,Q-A04,Corso Italia,L2,PL-000593,LUM-000251,48,LED,45.40545,9.12103,P-000593
A,Q-A04,Corso Italia,L3,PL-000594,LUM-000252,48,LED,45.40557,9.12098,P-000594
A,Q-A04,Corso Italia,L1,PL-000595,LUM-000253,48,LED,45.40569,9.12047,P-000595
A,Q-A04,Corso Italia,L2,PL-000596,LUM-000254,72,LED,45.40581,9.12102,P-000596
A,Q-A04,Corso Italia,L3,PL-000597,LUM-000255,48,LED,45.40593,9.12112,P-000597
A,Q-A04,Corso Italia,L1,PL-000598,LUM-000256,48,LED,45.40605,9.12055,P-000598
A,Q-A04,Corso Italia,L2,PL-000599,LUM-000257,56,LED,45.40617,9.12096,P-000599
A,Q-A04,Corso Italia,L3,PL-000600,LUM-000258,72,LED,45.40629,9.12047,P-000600
A,Q-A04,Corso Italia,L1,PL-000601,LUM-000259,72,LED,45.40641,9.12092,P-000601
A,Q-A04,Corso Italia,L2,PL-000602,LUM-00025A,72,LED,45.40653,9.12104,P-000602
A,Q-A04,Corso Italia,L3,PL-000603,LUM-00025B,72,LED,45.40665,9.12106,P-000603
A,Q-A04,Corso Italia,L1,PL-000604,LUM-00025C,56,LED,45.40677,9.12105,P-000604
A,Q-A04,Corso Italia,L2,PL-000605,LUM-00025D,48,LED,45.40689,9.12045,P-000605
A,Q-A04,Corso Italia,L3,PL-000606,LUM-00025E,56,LED,45.40701,9.1206,P-000606
A,Q-A04,Corso Italia,L1,PL-000607,LUM-00025F,48,LED,45.40713,9.12115,P-000607
A,Q-A04,Corso Italia,L2,PL-000608,LUM-000260,48,LED,45.40725,9.12089,P-000608
A,Q-A04,Corso Italia,L3,PL-000609,LUM-000261,48,LED,45.40737,9.12118,P-000609
A,Q-A04,Corso Italia,L1,PL-000610,LUM-000262,72,LED,45.40749,9.12107,P-000610
A,Q-A04,Corso Italia,L2,PL-000611,LUM-000263,72,LED,45.40761,9.12116,P-000611
A,Q-A04,Corso Italia,L3,PL-000612,LUM-000264,56,LED,45.40773,9.12123,P-000612
A,Q-A04,Corso Italia,L1,PL-000613,LUM-000265,56,LED,45.40785,9.12085,P-000613
A,Q-A04,Corso Italia,L2,PL-000614,LUM-000266,72,LED,45.40797,9.12055,P-000614
A,Q-A04,Corso Italia,L3,PL-000615,LUM-000267,56,LED,45.40809,9.12087,P-000615
A,Q-A04,Corso Italia,L1,PL-000616,LUM-000268,48,LED,45.40821,9.1208,P-000616
A,Q-A04,Corso Italia,L2,PL-000617,LUM-000269,56,LED,45.40833,9.12118,P-000617
A,Q-A04,Corso Italia,L3,PL-000618,LUM-00026A,56,LED,45.40845,9.12114,P-000618
A,Q-A04,Corso Italia,L1,PL-000619,LUM-00026B,56,LED,45.40857,9.12052,P-000619
A,Q-A04,Corso Italia,L2,PL-000620,LUM-00026C,48,LED,45.40869,9.12092,P-000620
A,Q-A04,Corso Italia,L3,PL-000621,LUM-00026D,56,LED,45.40881,9.12098,P-000621
A,Q-A04,Corso Italia,L1,PL-000622,LUM-00026E,56,LED,45.40893,9.12063,P-000622
A,Q-A04,Corso Italia,L2,PL-000623,LUM-00026F,72,LED,45.40905,9.12072,P-000623
A,Q-A04,Corso Italia,L3,PL-000624,LUM-000270,56,LED,45.40917,9.12093,P-000624
A,Q-A04,Corso Italia,L1,PL-000625,LUM-000271,48,LED,45.40929,9.12104,P-000625
A,Q-A04,Corso Italia,L2,PL-000626,LUM-000272,48,LED,45.40941,9.12056,P-000626
A,Q-A04,Corso Italia,L3,PL-000627,LUM-000273,48,LED,45.40953,9.12074,P-000627
A,Q-A04,Corso Italia,L1,PL-000628,LUM-000274,56,LED,45.40965,9.12112,P-000628
A,Q-A04,Corso Italia,L2,PL-000629,LUM-000275,56,LED,45.40977,9.12115,P-000629
A,Q-A04,Corso Italia,L3,PL-000630,LUM-000276,48,LED,45.40989,9.12119,P-000630
A,Q-A04,Corso Italia,L1,PL-000631,LUM-000277,56,LED,45.41001,9.12103,P-000631
A,Q-A04,Corso Italia,L2,PL-000632,LUM-000278,56,LED,45.41013,9.12089,P-000632
A,Q-A04,Corso Italia,L3,PL-000633,LUM-000279,72,LED,45.41025,9.1212,P-000633
A,Q-A04,Corso Italia,L1,PL-000634,LUM-00027A,56,LED,45.41037,9.12091,P-000634
A,Q-A04,Corso Italia,L2,PL-000635,LUM-00027B,72,LED,45.41049,9.12107,P-000635
A,Q-A04,Corso Italia,L3,PL-000636,LUM-00027C,72,LED,45.41061,9.12067,P-000636
A,Q-A04,Corso Italia,L1,PL-000637,LUM-00027D,72,LED,45.41073,9.1208,P-000637
A,Q-A04,Corso Italia,L2,PL-000638,LUM-00027E,48,LED,45.41085,9.1212,P-000638
A,Q-A04,Corso Italia,L3,PL-000639,LUM-00027F,48,LED,45.41097,9.12106,P-000639
A,Q-A04,Corso Italia,L1,PL-000640,LUM-000280,48,LED,45.41109,9.12087,P-000640
B,Q-B01,Via Manzoni,L1,PL-000641,NC-1641,72,LED,45.40905,9.13063,P-000641
B,Q-B01,Via Manzoni,L2,PL-000642,NC-1642,90,LED,45.40917,9.13042,P-000642
B,Q-B01,Via Manzoni,L3,PL-000643,NC-1643,90,LED,45.40929,9.13059,P-000643
B,Q-B01,Via Manzoni,L1,PL-000644,NC-1644,72,LED,45.40941,9.13031,P-000644
B,Q-B01,Via Manzoni,L2,PL-000645,NC-1645,90,LED,45.40953,9.13084,P-000645
B,Q-B01,Via Manzoni,L3,PL-000646,NC-1646,90,LED,45.40965,9.13029,P-000646
B,Q-B01,Via Manzoni,L1,PL-000647,NC-1647,72,LED,45.40977,9.13047,P-000647
B,Q-B01,Via Manzoni,L2,PL-000648,NC-1648,72,LED,45.40989,9.13063,P-000648
B,Q-B01,Via Manzoni,L3,PL-000649,NC-1649,56,LED,45.41001,9.13092,P-000649
B,Q-B01,Via Manzoni,L1,PL-000650,NC-1650,90,LED,45.41013,9.13061,P-000650
B,Q-B01,Via Manzoni,L2,PL-000651,NC-1651,56,LED,45.41025,9.13032,P-000651
B,Q-B01,Via Manzoni,L3,PL-000652,NC-1652,72,LED,45.41037,9.13088,P-000652
B,Q-B01,Via Manzoni,L1,PL-000653,NC-1653,56,LED,45.41049,9.13087,P-000653
B,Q-B01,Via Manzoni,L2,PL-000654,NC-1654,72,LED,45.41061,9.13073,P-000654
B,Q-B01,Via Manzoni,L3,PL-000655,NC-1655,56,LED,45.41073,9.13084,P-000655
B,Q-B01,Via Manzoni,L1,PL-000656,NC-1656,56,LED,45.41085,9.13085,P-000656
B,Q-B01,Via Manzoni,L2,PL-000657,NC-1657,72,LED,45.41097,9.13073,P-000657
B,Q-B01,Via Manzoni,L3,PL-000658,NC-1658,90,LED,45.41109,9.13032,P-000658
B,Q-B01,Via Manzoni,L1,PL-000659,NC-1659,72,LED,45.41121,9.13097,P-000659
B,Q-B01,Via Manzoni,L2,PL-000660,NC-1660,90,LED,45.41133,9.13079,P-000660
B,Q-B01,Via Manzoni,L3,PL-000661,NC-1661,72,LED,45.41145,9.13081,P-000661
B,Q-B01,Via Manzoni,L1,PL-000662,NC-1662,90,LED,45.41157,9.13048,P-000662
B,Q-B01,Via Manzoni,L2,PL-000663,NC-1663,90,LED,45.41169,9.13026,P-000663
B,Q-B01,Via Manzoni,L3,PL-000664,NC-1664,56,LED,45.41181,9.13056,P-000664
B,Q-B01,Via Manzoni,L1,PL-000665,NC-1665,72,LED,45.41193,9.13056,P-000665
B,Q-B01,Via Manzoni,L2,PL-000666,NC-1666,90,LED,45.41205,9.13078,P-000666
B,Q-B01,Via Manzoni,L3,PL-000667,NC-1667,72,LED,45.41217,9.13065,P-000667
B,Q-B01,Via Manzoni,L1,PL-000668,NC-1668,90,LED,45.41229,9.13048,P-000668
B,Q-B01,Via Manzoni,L2,PL-000669,NC-1669,56,LED,45.41241,9.1306,P-000669
B,Q-B01,Via Manzoni,L3,PL-000670,NC-1670,90,LED,45.41253,9.13085,P-000670
B,Q-B01,Via Manzoni,L1,PL-000671,NC-1671,56,LED,45.41265,9.13055,P-000671
B,Q-B01,Via Manzoni,L2,PL-000672,NC-1672,72,LED,45.41277,9.13044,P-000672
B,Q-B01,Via Manzoni,L3,PL-000673,NC-1673,90,LED,45.41289,9.13047,P-000673
B,Q-B01,Via Manzoni,L1,PL-000674,NC-1674,72,LED,45.41301,9.13072,P-000674
B,Q-B01,Via Manzoni,L2,PL-000675,NC-1675,56,LED,45.41313,9.13027,P-000675
B,Q-B01,Via Manzoni,L3,PL-000676,NC-1676,56,LED,45.41325,9.1304,P-000676
B,Q-B01,Via Manzoni,L1,PL-000677,NC-1677,72,LED,45.41337,9.13081,P-000677
B,Q-B01,Via Manzoni,L2,PL-000678,NC-1678,72,LED,45.41349,9.13039,P-000678
B,Q-B01,Via Manzoni,L3,PL-000679,NC-1679,72,LED,45.41361,9.13074,P-000679
B,Q-B01,Via Manzoni,L1,PL-000680,NC-1680,90,LED,45.41373,9.1306,P-000680
B,Q-B01,Via Manzoni,L2,PL-000681,NC-1681,72,LED,45.41385,9.13033,P-000681
B,Q-B01,Via Manzoni,L3,PL-000682,NC-1682,56,LED,45.41397,9.13044,P-000682
B,Q-B01,Via Manzoni,L1,PL-000683,NC-1683,90,LED,45.41409,9.13068,P-000683
B,Q-B01,Via Manzoni,L2,PL-000684,NC-1684,72,LED,45.41421,9.13047,P-000684
B,Q-B01,Via Manzoni,L3,PL-000685,NC-1685,56,LED,45.41433,9.13036,P-000685
B,Q-B01,Via Manzoni,L1,PL-000686,NC-1686,90,LED,45.41445,9.13069,P-000686
B,Q-B01,Via Manzoni,L2,PL-000687,NC-1687,72,LED,45.41457,9.13079,P-000687
B,Q-B01,Via Manzoni,L3,PL-000688,NC-1688,56,LED,45.41469,9.13078,P-000688
B,Q-B01,Via Manzoni,L1,PL-000689,NC-1689,56,LED,45.41481,9.13026,P-000689
B,Q-B01,Via Manzoni,L2,PL-000690,NC-1690,56,LED,45.41493,9.1304,P-000690
B,Q-B01,Via Manzoni,L3,PL-000691,NC-1691,56,LED,45.41505,9.13058,P-000691
B,Q-B01,Via Manzoni,L1,PL-000692,NC-1692,72,LED,45.41517,9.13024,P-000692
B,Q-B01,Via Manzoni,L2,PL-000693,NC-1693,72,LED,45.41529,9.13068,P-000693
B,Q-B01,Via Manzoni,L3,PL-000694,NC-1694,90,LED,45.41541,9.13057,P-000694
B,Q-B01,Via Manzoni,L1,PL-000695,NC-1695,90,LED,45.41553,9.13064,P-000695
B,Q-B01,Via Manzoni,L2,PL-000696,NC-1696,72,LED,45.41565,9.13098,P-000696
B,Q-B01,Via Manzoni,L3,PL-000697,NC-1697,90,LED,45.41577,9.1306,P-000697
B,Q-B01,Via Manzoni,L1,PL-000698,NC-1698,90,LED,45.41589,9.13094,P-000698
B,Q-B01,Via Manzoni,L2,PL-000699,NC-1699,56,LED,45.41601,9.131,P-000699
B,Q-B01,Via Manzoni,L3,PL-000700,NC-1700,72,LED,45.41613,9.13022,P-000700
B,Q-B01,Via Manzoni,L1,PL-000701,NC-1701,56,LED,45.41625,9.13039,P-000701
B,Q-B01,Via Manzoni,L2,PL-000702,NC-1702,72,LED,45.41637,9.13046,P-000702
B,Q-B01,Via Manzoni,L3,PL-000703,NC-1703,90,LED,45.41649,9.13027,P-000703
B,Q-B01,Via Manzoni,L1,PL-000704,NC-1704,72,LED,45.41661,9.13047,P-000704
B,Q-B01,Via Manzoni,L2,PL-000705,NC-1705,56,LED,45.41673,9.13032,P-000705
B,Q-B01,Via Manzoni,L3,PL-000706,NC-1706,72,LED,45.41685,9.13067,P-000706
B,Q-B01,Via Manzoni,L1,PL-000707,NC-1707,72,LED,45.41697,9.131,P-000707
B,Q-B01,Via Manzoni,L2,PL-000708,NC-1708,72,LED,45.41709,9.13086,P-000708
B,Q-B01,Via Manzoni,L3,PL-000709,NC-1709,72,LED,45.41721,9.13076,P-000709
B,Q-B01,Via Manzoni,L1,PL-000710,NC-1710,72,LED,45.41733,9.13099,P-000710
B,Q-B01,Via Manzoni,L2,PL-000711,NC-1711,72,LED,45.41745,9.13052,P-000711
B,Q-B01,Via Manzoni,L3,PL-000712,NC-1712,72,LED,45.41757,9.13052,P-000712
B,Q-B01,Via Manzoni,L1,PL-000713,NC-1713,90,LED,45.41769,9.13056,P-000713
B,Q-B01,Via Manzoni,L2,PL-000714,NC-1714,90,LED,45.41781,9.13085,P-000714
B,Q-B01,Via Manzoni,L3,PL-000715,NC-1715,72,LED,45.41793,9.13032,P-000715
B,Q-B01,Via Manzoni,L1,PL-000716,NC-1716,90,LED,45.41805,9.13066,P-000716
B,Q-B01,Via Manzoni,L2,PL-000717,NC-1717,56,LED,45.41817,9.13072,P-000717
B,Q-B01,Via Manzoni,L3,PL-000718,NC-1718,90,LED,45.41829,9.13079,P-000718
B,Q-B01,Via Manzoni,L1,PL-000719,NC-1719,56,LED,45.41841,9.13032,P-000719
B,Q-B01,Via Manzoni,L2,PL-000720,NC-1720,56,LED,45.41853,9.13024,P-000720
B,Q-B01,Via Manzoni,L3,PL-000721,NC-1721,90,LED,45.41865,9.1306,P-000721
B,Q-B01,Via Manzoni,L1,PL-000722,NC-1722,72,LED,45.41877,9.13035,P-000722
B,Q-B01,Via Manzoni,L2,PL-000723,NC-1723,90,LED,45.41889,9.13038,P-000723
B,Q-B01,Via Manzoni,L3,PL-000724,NC-1724,56,LED,45.41901,9.13023,P-000724
B,Q-B01,Via Manzoni,L1,PL-000725,NC-1725,56,LED,45.41913,9.131,P-000725
B,Q-B01,Via Manzoni,L2,PL-000726,NC-1726,72,LED,45.41925,9.1305,P-000726
B,Q-B01,Via Manzoni,L3,PL-000727,NC-1727,90,LED,45.41937,9.13057,P-000727
B,Q-B01,Via Manzoni,L1,PL-000728,NC-1728,56,LED,45.41949,9.13045,P-000728
B,Q-B01,Via Manzoni,L2,PL-000729,NC-1729,72,LED,45.41961,9.13042,P-000729
B,Q-B01,Via Manzoni,L3,PL-000730,NC-1730,56,LED,45.41973,9.13038,P-000730
B,Q-B01,Via Manzoni,L1,PL-000731,NC-1731,56,LED,45.41985,9.13033,P-000731
B,Q-B01,Via Manzoni,L2,PL-000732,NC-1732,72,LED,45.41997,9.13054,P-000732
B,Q-B01,Via Manzoni,L3,PL-000733,NC-1733,72,LED,45.42009,9.13035,P-000733
B,Q-B01,Via Manzoni,L1,PL-000734,NC-1734,72,LED,45.42021,9.13048,P-000734
B,Q-B01,Via Manzoni,L2,PL-000735,NC-1735,72,LED,45.42033,9.13063,P-000735
B,Q-B01,Via Manzoni,L3,PL-000736,NC-1736,90,LED,45.42045,9.13048,P-000736
B,Q-B01,Via Manzoni,L1,PL-000737,NC-1737,90,LED,45.42057,9.13045,P-000737
B,Q-B01,Via Manzoni,L2,PL-000738,NC-1738,72,LED,45.42069,9.13082,P-000738
B,Q-B01,Via Manzoni,L3,PL-000739,NC-1739,90,LED,45.42081,9.13083,P-000739
B,Q-B01,Via Manzoni,L1,PL-000740,NC-1740,56,LED,45.42093,9.13031,P-000740
B,Q-B01,Via Manzoni,L2,PL-000741,NC-1741,72,LED,45.42105,9.13089,P-000741
B,Q-B01,Via Manzoni,L3,PL-000742,NC-1742,72,LED,45.42117,9.13094,P-000742
B,Q-B01,Via Manzoni,L1,PL-000743,NC-1743,90,LED,45.42129,9.13041,P-000743
B,Q-B01,Via Manzoni,L2,PL-000744,NC-1744,72,LED,45.42141,9.13032,P-000744
B,Q-B02,Via Garibaldi,L1,PL-000745,NC-1745,90,LED,45.3938,9.12092,P-000745
B,Q-B02,Via Garibaldi,L2,PL-000746,NC-1746,56,LED,45.39392,9.12042,P-000746
B,Q-B02,Via Garibaldi,L3,PL-000747,NC-1747,56,LED,45.39404,9.12054,P-000747
B,Q-B02,Via Garibaldi,L1,PL-000748,NC-1748,56,LED,45.39416,9.12082,P-000748
B,Q-B02,Via Garibaldi,L2,PL-000749,NC-1749,90,LED,45.39428,9.12092,P-000749
B,Q-B02,Via Garibaldi,L3,PL-000750,NC-1750,72,LED,45.3944,9.12092,P-000750
B,Q-B02,Via Garibaldi,L1,PL-000751,NC-1751,72,LED,45.39452,9.12109,P-000751
B,Q-B02,Via Garibaldi,L2,PL-000752,NC-1752,56,LED,45.39464,9.12088,P-000752
B,Q-B02,Via Garibaldi,L3,PL-000753,NC-1753,90,LED,45.39476,9.12094,P-000753
B,Q-B02,Via Garibaldi,L1,PL-000754,NC-1754,56,LED,45.39488,9.12045,P-000754
B,Q-B02,Via Garibaldi,L2,PL-000755,NC-1755,90,LED,45.395,9.12047,P-000755
B,Q-B02,Via Garibaldi,L3,PL-000756,NC-1756,56,LED,45.39512,9.12094,P-000756
B,Q-B02,Via Garibaldi,L1,PL-000757,NC-1757,56,LED,45.39524,9.1212,P-000757
B,Q-B02,Via Garibaldi,L2,PL-000758,NC-1758,90,LED,45.39536,9.12055,P-000758
B,Q-B02,Via Garibaldi,L3,PL-000759,NC-1759,72,LED,45.39548,9.12111,P-000759
B,Q-B02,Via Garibaldi,L1,PL-000760,NC-1760,72,LED,45.3956,9.12049,P-000760
B,Q-B02,Via Garibaldi,L2,PL-000761,NC-1761,56,LED,45.39572,9.12044,P-000761
B,Q-B02,Via Garibaldi,L3,PL-000762,NC-1762,72,LED,45.39584,9.12045,P-000762
B,Q-B02,Via Garibaldi,L1,PL-000763,NC-1763,90,LED,45.39596,9.12086,P-000763
B,Q-B02,Via Garibaldi,L2,PL-000764,NC-1764,56,LED,45.39608,9.12042,P-000764
B,Q-B02,Via Garibaldi,L3,PL-000765,NC-1765,90,LED,45.3962,9.12112,P-000765
B,Q-B02,Via Garibaldi,L1,PL-000766,NC-1766,72,LED,45.39632,9.12113,P-000766
B,Q-B02,Via Garibaldi,L2,PL-000767,NC-1767,56,LED,45.39644,9.12121,P-000767
B,Q-B02,Via Garibaldi,L3,PL-000768,NC-1768,56,LED,45.39656,9.12111,P-000768
B,Q-B02,Via Garibaldi,L1,PL-000769,NC-1769,56,LED,45.39668,9.12112,P-000769
B,Q-B02,Via Garibaldi,L2,PL-000770,NC-1770,90,LED,45.3968,9.12064,P-000770
B,Q-B02,Via Garibaldi,L3,PL-000771,NC-1771,90,LED,45.39692,9.12074,P-000771
B,Q-B02,Via Garibaldi,L1,PL-000772,NC-1772,56,LED,45.39704,9.12043,P-000772
B,Q-B02,Via Garibaldi,L2,PL-000773,NC-1773,72,LED,45.39716,9.1208,P-000773
B,Q-B02,Via Garibaldi,L3,PL-000774,NC-1774,56,LED,45.39728,9.12071,P-000774
B,Q-B02,Via Garibaldi,L1,PL-000775,NC-1775,72,LED,45.3974,9.12072,P-000775
B,Q-B02,Via Garibaldi,L2,PL-000776,NC-1776,56,LED,45.39752,9.12062,P-000776
B,Q-B02,Via Garibaldi,L3,PL-000777,NC-1777,90,LED,45.39764,9.12097,P-000777
B,Q-B02,Via Garibaldi,L1,PL-000778,NC-1778,90,LED,45.39776,9.12067,P-000778
B,Q-B02,Via Garibaldi,L2,PL-000779,NC-1779,72,LED,45.39788,9.12104,P-000779
B,Q-B02,Via Garibaldi,L3,PL-000780,NC-1780,90,LED,45.398,9.12087,P-000780
B,Q-B02,Via Garibaldi,L1,PL-000781,NC-1781,72,LED,45.39812,9.12062,P-000781
B,Q-B02,Via Garibaldi,L2,PL-000782,NC-1782,72,LED,45.39824,9.12055,P-000782
B,Q-B02,Via Garibaldi,L3,PL-000783,NC-1783,72,LED,45.39836,9.12113,P-000783
B,Q-B02,Via Garibaldi,L1,PL-000784,NC-1784,90,LED,45.39848,9.12044,P-000784
B,Q-B02,Via Garibaldi,L2,PL-000785,NC-1785,72,LED,45.3986,9.12078,P-000785
B,Q-B02,Via Garibaldi,L3,PL-000786,NC-1786,56,LED,45.39872,9.12097,P-000786
B,Q-B02,Via Garibaldi,L1,PL-000787,NC-1787,56,LED,45.39884,9.12066,P-000787
B,Q-B02,Via Garibaldi,L2,PL-000788,NC-1788,90,LED,45.39896,9.12089,P-000788
B,Q-B02,Via Garibaldi,L3,PL-000789,NC-1789,56,LED,45.39908,9.12047,P-000789
B,Q-B02,Via Garibaldi,L1,PL-000790,NC-1790,56,LED,45.3992,9.12074,P-000790
B,Q-B02,Via Garibaldi,L2,PL-000791,NC-1791,56,LED,45.39932,9.12069,P-000791
B,Q-B02,Via Garibaldi,L3,PL-000792,NC-1792,90,LED,45.39944,9.12065,P-000792
B,Q-B02,Via Garibaldi,L1,PL-000793,NC-1793,72,LED,45.39956,9.12058,P-000793
B,Q-B02,Via Garibaldi,L2,PL-000794,NC-1794,56,LED,45.39968,9.12118,P-000794
B,Q-B02,Via Garibaldi,L3,PL-000795,NC-1795,56,LED,45.3998,9.12043,P-000795
B,Q-B02,Via Garibaldi,L1,PL-000796,NC-1796,56,LED,45.39992,9.12083,P-000796
B,Q-B02,Via Garibaldi,L2,PL-000797,NC-1797,56,LED,45.40004,9.12081,P-000797
B,Q-B02,Via Garibaldi,L3,PL-000798,NC-1798,56,LED,45.40016,9.12113,P-000798
B,Q-B02,Via Garibaldi,L1,PL-000799,NC-1799,56,LED,45.40028,9.12074,P-000799
B,Q-B02,Via Garibaldi,L2,PL-000800,NC-1800,72,LED,45.4004,9.12064,P-000800
B,Q-B02,Via Garibaldi,L3,PL-000801,NC-1801,90,LED,45.40052,9.12066,P-000801
B,Q-B02,Via Garibaldi,L1,PL-000802,NC-1802,72,LED,45.40064,9.12083,P-000802
B,Q-B02,Via Garibaldi,L2,PL-000803,NC-1803,56,LED,45.40076,9.12076,P-000803
B,Q-B02,Via Garibaldi,L3,PL-000804,NC-1804,90,LED,45.40088,9.1206,P-000804
B,Q-B02,Via Garibaldi,L1,PL-000805,NC-1805,90,LED,45.401,9.12057,P-000805
B,Q-B02,Via Garibaldi,L2,PL-000806,NC-1806,90,LED,45.40112,9.12046,P-000806
B,Q-B02,Via Garibaldi,L3,PL-000807,NC-1807,56,LED,45.40124,9.1206,P-000807
B,Q-B02,Via Garibaldi,L1,PL-000808,NC-1808,72,LED,45.40136,9.12066,P-000808
B,Q-B02,Via Garibaldi,L2,PL-000809,NC-1809,56,LED,45.40148,9.12066,P-000809
B,Q-B02,Via Garibaldi,L3,PL-000810,NC-1810,90,LED,45.4016,9.12072,P-000810
B,Q-B02,Via Garibaldi,L1,PL-000811,NC-1811,56,LED,45.40172,9.12094,P-000811
B,Q-B02,Via Garibaldi,L2,PL-000812,NC-1812,72,LED,45.40184,9.12116,P-000812
B,Q-B02,Via Garibaldi,L3,PL-000813,NC-1813,56,LED,45.40196,9.12077,P-000813
B,Q-B02,Via Garibaldi,L1,PL-000814,NC-1814,90,LED,45.40208,9.1208,P-000814
B,Q-B02,Via Garibaldi,L2,PL-000815,NC-1815,72,LED,45.4022,9.12058,P-000815
B,Q-B02,Via Garibaldi,L3,PL-000816,NC-1816,72,LED,45.40232,9.12072,P-000816
B,Q-B02,Via Garibaldi,L1,PL-000817,NC-1817,90,LED,45.40244,9.12055,P-000817
B,Q-B02,Via Garibaldi,L2,PL-000818,NC-1818,56,LED,45.40256,9.12102,P-000818
B,Q-B02,Via Garibaldi,L3,PL-000819,NC-1819,72,LED,45.40268,9.12095,P-000819
B,Q-B02,Via Garibaldi,L1,PL-000820,NC-1820,56,LED,45.4028,9.12057,P-000820
B,Q-B02,Via Garibaldi,L2,PL-000821,NC-1821,72,LED,45.40292,9.12085,P-000821
B,Q-B02,Via Garibaldi,L3,PL-000822,NC-1822,90,LED,45.40304,9.12066,P-000822
B,Q-B02,Via Garibaldi,L1,PL-000823,NC-1823,72,LED,45.40316,9.12121,P-000823
B,Q-B02,Via Garibaldi,L2,PL-000824,NC-1824,56,LED,45.40328,9.12058,P-000824
B,Q-B02,Via Garibaldi,L3,PL-000825,NC-1825,90,LED,45.4034,9.12063,P-000825
B,Q-B02,Via Garibaldi,L1,PL-000826,NC-1826,56,LED,45.40352,9.12103,P-000826
B,Q-B02,Via Garibaldi,L2,PL-000827,NC-1827,90,LED,45.40364,9.12045,P-000827
B,Q-B02,Via Garibaldi,L3,PL-000828,NC-1828,56,LED,45.40376,9.1207,P-000828
B,Q-B02,Via Garibaldi,L1,PL-000829,NC-1829,56,LED,45.40388,9.12063,P-000829
B,Q-B02,Via Garibaldi,L2,PL-000830,NC-1830,90,LED,45.404,9.12076,P-000830
B,Q-B02,Via Garibaldi,L3,PL-000831,NC-1831,90,LED,45.40412,9.12081,P-000831
B,Q-B02,Via Garibaldi,L1,PL-000832,NC-1832,72,LED,45.40424,9.12074,P-000832
B,Q-B02,Via Garibaldi,L2,PL-000833,NC-1833,56,LED,45.40436,9.12051,P-000833
B,Q-B02,Via Garibaldi,L3,PL-000834,NC-1834,72,LED,45.40448,9.12059,P-000834
B,Q-B02,Via Garibaldi,L1,PL-000835,NC-1835,90,LED,45.4046,9.12112,P-000835
B,Q-B02,Via Garibaldi,L2,PL-000836,NC-1836,56,LED,45.40472,9.12088,P-000836
B,Q-B02,Via Garibaldi,L3,PL-000837,NC-1837,56,LED,45.40484,9.12091,P-000837
B,Q-B02,Via Garibaldi,L1,PL-000838,NC-1838,90,LED,45.40496,9.12102,P-000838
B,Q-B02,Via Garibaldi,L2,PL-000839,NC-1839,56,LED,45.40508,9.12058,P-000839
B,Q-B02,Via Garibaldi,L3,PL-000840,NC-1840,90,LED,45.4052,9.12076,P-000840
B,Q-B02,Via Garibaldi,L1,PL-000841,NC-1841,56,LED,45.40532,9.12052,P-000841
B,Q-B02,Via Garibaldi,L2,PL-000842,NC-1842,90,LED,45.40544,9.12072,P-000842
B,Q-B02,Via Garibaldi,L3,PL-000843,NC-1843,90,LED,45.40556,9.12048,P-000843
B,Q-B02,Via Garibaldi,L1,PL-000844,NC-1844,72,LED,45.40568,9.12059,P-000844
B,Q-B02,Via Garibaldi,L2,PL-000845,NC-1845,72,LED,45.4058,9.12102,P-000845
B,Q-B02,Via Garibaldi,L3,PL-000846,NC-1846,72,LED,45.40592,9.12074,P-000846
B,Q-B02,Via Garibaldi,L1,PL-000847,NC-1847,90,LED,45.40604,9.12092,P-000847
B,Q-B03,Piazza del Mercato,L1,PL-000848,NC-1848,72,LED,45.42435,9.15857,P-000848
B,Q-B03,Piazza del Mercato,L2,PL-000849,NC-1849,90,LED,45.42447,9.1585,P-000849
B,Q-B03,Piazza del Mercato,L3,PL-000850,NC-1850,56,LED,45.42459,9.15826,P-000850
B,Q-B03,Piazza del Mercato,L1,PL-000851,NC-1851,90,LED,45.42471,9.15816,P-000851
B,Q-B03,Piazza del Mercato,L2,PL-000852,NC-1852,72,LED,45.42483,9.15864,P-000852
B,Q-B03,Piazza del Mercato,L3,PL-000853,NC-1853,56,LED,45.42495,9.15855,P-000853
B,Q-B03,Piazza del Mercato,L1,PL-000854,NC-1854,56,LED,45.42507,9.15796,P-000854
B,Q-B03,Piazza del Mercato,L2,PL-000855,NC-1855,72,LED,45.42519,9.15801,P-000855
B,Q-B03,Piazza del Mercato,L3,PL-000856,NC-1856,56,LED,45.42531,9.15861,P-000856
B,Q-B03,Piazza del Mercato,L1,PL-000857,NC-1857,72,LED,45.42543,9.15797,P-000857
B,Q-B03,Piazza del Mercato,L2,PL-000858,NC-1858,90,LED,45.42555,9.15848,P-000858
B,Q-B03,Piazza del Mercato,L3,PL-000859,NC-1859,56,LED,45.42567,9.15839,P-000859
B,Q-B03,Piazza del Mercato,L1,PL-000860,NC-1860,90,LED,45.42579,9.1586,P-000860
B,Q-B03,Piazza del Mercato,L2,PL-000861,NC-1861,90,LED,45.42591,9.15867,P-000861
B,Q-B03,Piazza del Mercato,L3,PL-000862,NC-1862,56,LED,45.42603,9.1587,P-000862
B,Q-B03,Piazza del Mercato,L1,PL-000863,NC-1863,90,LED,45.42615,9.15844,P-000863
B,Q-B03,Piazza del Mercato,L2,PL-000864,NC-1864,72,LED,45.42627,9.1583,P-000864
B,Q-B03,Piazza del Mercato,L3,PL-000865,NC-1865,56,LED,45.42639,9.15808,P-000865
B,Q-B03,Piazza del Mercato,L1,PL-000866,NC-1866,56,LED,45.42651,9.15868,P-000866
B,Q-B03,Piazza del Mercato,L2,PL-000867,NC-1867,72,LED,45.42663,9.15869,P-000867
B,Q-B03,Piazza del Mercato,L3,PL-000868,NC-1868,56,LED,45.42675,9.15841,P-000868
B,Q-B03,Piazza del Mercato,L1,PL-000869,NC-1869,72,LED,45.42687,9.15842,P-000869
B,Q-B03,Piazza del Mercato,L2,PL-000870,NC-1870,72,LED,45.42699,9.15812,P-000870
B,Q-B03,Piazza del Mercato,L3,PL-000871,NC-1871,90,LED,45.42711,9.15841,P-000871
B,Q-B03,Piazza del Mercato,L1,PL-000872,NC-1872,90,LED,45.42723,9.15847,P-000872
B,Q-B03,Piazza del Mercato,L2,PL-000873,NC-1873,90,LED,45.42735,9.15869,P-000873
B,Q-B03,Piazza del Mercato,L3,PL-000874,NC-1874,72,LED,45.42747,9.15827,P-000874
B,Q-B03,Piazza del Mercato,L1,PL-000875,NC-1875,56,LED,45.42759,9.15828,P-000875
B,Q-B03,Piazza del Mercato,L2,PL-000876,NC-1876,56,LED,45.42771,9.15817,P-000876
B,Q-B03,Piazza del Mercato,L3,PL-000877,NC-1877,56,LED,45.42783,9.15817,P-000877
B,Q-B03,Piazza del Mercato,L1,PL-000878,NC-1878,72,LED,45.42795,9.15819,P-000878
B,Q-B03,Piazza del Mercato,L2,PL-000879,NC-1879,56,LED,45.42807,9.15808,P-000879
B,Q-B03,Piazza del Mercato,L3,PL-000880,NC-1880,90,LED,45.42819,9.15808,P-000880
B,Q-B03,Piazza del Mercato,L1,PL-000881,NC-1881,90,LED,45.42831,9.15812,P-000881
B,Q-B03,Piazza del Mercato,L2,PL-000882,NC-1882,56,LED,45.42843,9.15847,P-000882
B,Q-B03,Piazza del Mercato,L3,PL-000883,NC-1883,90,LED,45.42855,9.15842,P-000883
B,Q-B03,Piazza del Mercato,L1,PL-000884,NC-1884,72,LED,45.42867,9.15848,P-000884
B,Q-B03,Piazza del Mercato,L2,PL-000885,NC-1885,56,LED,45.42879,9.158,P-000885
B,Q-B03,Piazza del Mercato,L3,PL-000886,NC-1886,56,LED,45.42891,9.15792,P-000886
B,Q-B03,Piazza del Mercato,L1,PL-000887,NC-1887,56,LED,45.42903,9.15828,P-000887
B,Q-B03,Piazza del Mercato,L2,PL-000888,NC-1888,72,LED,45.42915,9.15822,P-000888
B,Q-B03,Piazza del Mercato,L3,PL-000889,NC-1889,72,LED,45.42927,9.15865,P-000889
B,Q-B03,Piazza del Mercato,L1,PL-000890,NC-1890,56,LED,45.42939,9.15795,P-000890
B,Q-B03,Piazza del Mercato,L2,PL-000891,NC-1891,90,LED,45.42951,9.15805,P-000891
B,Q-B03,Piazza del Mercato,L3,PL-000892,NC-1892,90,LED,45.42963,9.15857,P-000892
B,Q-B03,Piazza del Mercato,L1,PL-000893,NC-1893,72,LED,45.42975,9.15865,P-000893
B,Q-B03,Piazza del Mercato,L2,PL-000894,NC-1894,72,LED,45.42987,9.15804,P-000894
B,Q-B03,Piazza del Mercato,L3,PL-000895,NC-1895,56,LED,45.42999,9.15812,P-000895
B,Q-B03,Piazza del Mercato,L1,PL-000896,NC-1896,90,LED,45.43011,9.15827,P-000896
B,Q-B03,Piazza del Mercato,L2,PL-000897,NC-1897,90,LED,45.43023,9.15852,P-000897
B,Q-B03,Piazza del Mercato,L3,PL-000898,NC-1898,72,LED,45.43035,9.15842,P-000898
B,Q-B03,Piazza del Mercato,L1,PL-000899,NC-1899,90,LED,45.43047,9.15847,P-000899
B,Q-B03,Piazza del Mercato,L2,PL-000900,NC-1900,90,LED,45.43059,9.15827,P-000900
B,Q-B03,Piazza del Mercato,L3,PL-000901,NC-1901,90,LED,45.43071,9.15838,P-000901
B,Q-B03,Piazza del Mercato,L1,PL-000902,NC-1902,72,LED,45.43083,9.15816,P-000902
B,Q-B03,Piazza del Mercato,L2,PL-000903,NC-1903,90,LED,45.43095,9.15816,P-000903
B,Q-B03,Piazza del Mercato,L3,PL-000904,NC-1904,56,LED,45.43107,9.15865,P-000904
B,Q-B03,Piazza del Mercato,L1,PL-000905,NC-1905,72,LED,45.43119,9.15849,P-000905
B,Q-B03,Piazza del Mercato,L2,PL-000906,NC-1906,72,LED,45.43131,9.15869,P-000906
B,Q-B03,Piazza del Mercato,L3,PL-000907,NC-1907,72,LED,45.43143,9.15816,P-000907
B,Q-B03,Piazza del Mercato,L1,PL-000908,NC-1908,72,LED,45.43155,9.15821,P-000908
B,Q-B03,Piazza del Mercato,L2,PL-000909,NC-1909,72,LED,45.43167,9.15827,P-000909
B,Q-B03,Piazza del Mercato,L3,PL-000910,NC-1910,72,LED,45.43179,9.15818,P-000910
B,Q-B03,Piazza del Mercato,L1,PL-000911,NC-1911,72,LED,45.43191,9.1584,P-000911
B,Q-B03,Piazza del Mercato,L2,PL-000912,NC-1912,56,LED,45.43203,9.15812,P-000912
B,Q-B03,Piazza del Mercato,L3,PL-000913,NC-1913,90,LED,45.43215,9.15835,P-000913
B,Q-B03,Piazza del Mercato,L1,PL-000914,NC-1914,90,LED,45.43227,9.15842,P-000914
B,Q-B03,Piazza del Mercato,L2,PL-000915,NC-1915,90,LED,45.43239,9.15865,P-000915
B,Q-B03,Piazza del Mercato,L3,PL-000916,NC-1916,72,LED,45.43251,9.15826,P-000916
B,Q-B03,Piazza del Mercato,L1,PL-000917,NC-1917,90,LED,45.43263,9.15834,P-000917
B,Q-B03,Piazza del Mercato,L2,PL-000918,NC-1918,72,LED,45.43275,9.15792,P-000918
B,Q-B03,Piazza del Mercato,L3,PL-000919,NC-1919,90,LED,45.43287,9.15845,P-000919
B,Q-B03,Piazza del Mercato,L1,PL-000920,NC-1920,72,LED,45.43299,9.15815,P-000920
B,Q-B03,Piazza del Mercato,L2,PL-000921,NC-1921,56,LED,45.43311,9.15794,P-000921
B,Q-B03,Piazza del Mercato,L3,PL-000922,NC-1922,90,LED,45.43323,9.15801,P-000922
B,Q-B03,Piazza del Mercato,L1,PL-000923,NC-1923,90,LED,45.43335,9.15829,P-000923
B,Q-B03,Piazza del Mercato,L2,PL-000924,NC-1924,56,LED,45.43347,9.15798,P-000924
B,Q-B03,Piazza del Mercato,L3,PL-000925,NC-1925,56,LED,45.43359,9.15819,P-000925
B,Q-B03,Piazza del Mercato,L1,PL-000926,NC-1926,56,LED,45.43371,9.15812,P-000926
B,Q-B03,Piazza del Mercato,L2,PL-000927,NC-1927,72,LED,45.43383,9.15799,P-000927
B,Q-B03,Piazza del Mercato,L3,PL-000928,NC-1928,90,LED,45.43395,9.15827,P-000928
B,Q-B03,Piazza del Mercato,L1,PL-000929,NC-1929,72,LED,45.43407,9.15809,P-000929
B,Q-B03,Piazza del Mercato,L2,PL-000930,NC-1930,90,LED,45.43419,9.15864,P-000930
B,Q-B03,Piazza del Mercato,L3,PL-000931,NC-1931,90,LED,45.43431,9.15812,P-000931
B,Q-B03,Piazza del Mercato,L1,PL-000932,NC-1932,72,LED,45.43443,9.1583,P-000932
B,Q-B03,Piazza del Mercato,L2,PL-000933,NC-1933,56,LED,45.43455,9.15831,P-000933
B,Q-B03,Piazza del Mercato,L3,PL-000934,NC-1934,90,LED,45.43467,9.15796,P-000934
B,Q-B03,Piazza del Mercato,L1,PL-000935,NC-1935,72,LED,45.43479,9.15802,P-000935
B,Q-B03,Piazza del Mercato,L2,PL-000936,NC-1936,90,LED,45.43491,9.158,P-000936
B,Q-B03,Piazza del Mercato,L3,PL-000937,NC-1937,72,LED,45.43503,9.1586,P-000937
B,Q-B03,Piazza del Mercato,L1,PL-000938,NC-1938,90,LED,45.43515,9.15856,P-000938
B,Q-B03,Piazza del Mercato,L2,PL-000939,NC-1939,90,LED,45.43527,9.15862,P-000939
B,Q-B03,Piazza del Mercato,L3,PL-000940,NC-1940,56,LED,45.43539,9.15853,P-000940
B,Q-B03,Piazza del Mercato,L1,PL-000941,NC-1941,56,LED,45.43551,9.15836,P-000941
B,Q-B03,Piazza del Mercato,L2,PL-000942,NC-1942,90,LED,45.43563,9.1584,P-000942
B,Q-B03,Piazza del Mercato,L3,PL-000943,NC-1943,56,LED,45.43575,9.15813,P-000943
B,Q-B03,Piazza del Mercato,L1,PL-000944,NC-1944,56,LED,45.43587,9.15833,P-000944
B,Q-B03,Piazza del Mercato,L2,PL-000945,NC-1945,56,LED,45.43599,9.15863,P-000945
B,Q-B03,Piazza del Mercato,L3,PL-000946,NC-1946,90,LED,45.43611,9.15829,P-000946
B,Q-B03,Piazza del Mercato,L1,PL-000947,NC-1947,90,LED,45.43623,9.15813,P-000947
B,Q-B03,Piazza del Mercato,L2,PL-000948,NC-1948,72,LED,45.43635,9.15832,P-000948
B,Q-B03,Piazza del Mercato,L3,PL-000949,NC-1949,90,LED,45.43647,9.15856,P-000949
B,Q-B03,Piazza del Mercato,L1,PL-000950,NC-1950,90,LED,45.43659,9.15814,P-000950
C,0042,Via Leopardi,L1,PL-000951,,150,SAP,45.42148,9.10369,P-000951
C,0042,Via Leopardi,L2,PL-000952,,100,SAP,45.4216,9.10317,P-000952
C,0042,Via Leopardi,L3,PL-000953,,150,SAP,45.42172,9.10322,P-000953
C,0042,Via Leopardi,L1,PL-000954,,150,SAP,45.42184,9.10363,P-000954
C,0042,Via Leopardi,L2,PL-000955,,100,MH,45.42196,9.1031,P-000955
C,0042,Via Leopardi,L3,PL-000956,,100,SAP,45.42208,9.1035,P-000956
C,0042,Via Leopardi,L1,PL-000957,,150,SAP,45.4222,9.10353,P-000957
C,0042,Via Leopardi,L2,PL-000958,,100,SAP,45.42232,9.10329,P-000958
C,0042,Via Leopardi,L3,PL-000959,,250,MH,45.42244,9.10354,P-000959
C,0042,Via Leopardi,L1,PL-000960,,100,MH,45.42256,9.10352,P-000960
C,0042,Via Leopardi,L2,PL-000961,,150,SAP,45.42268,9.10349,P-000961
C,0042,Via Leopardi,L3,PL-000962,,100,SAP,45.4228,9.10336,P-000962
C,0042,Via Leopardi,L1,PL-000963,,250,LED,45.42292,9.10317,P-000963
C,0042,Via Leopardi,L2,PL-000964,,100,SAP,45.42304,9.1035,P-000964
C,0042,Via Leopardi,L3,PL-000965,,100,SAP,45.42316,9.1034,P-000965
C,0042,Via Leopardi,L1,PL-000966,,150,LED,45.42328,9.1032,P-000966
C,0042,Via Leopardi,L2,PL-000967,,100,LED,45.4234,9.1035,P-000967
C,0042,Via Leopardi,L3,PL-000968,,100,SAP,45.42352,9.10363,P-000968
C,0042,Via Leopardi,L1,PL-000969,,100,SAP,45.42364,9.10322,P-000969
C,0042,Via Leopardi,L2,PL-000970,,250,MH,45.42376,9.10302,P-000970
C,0042,Via Leopardi,L3,PL-000971,,150,MH,45.42388,9.10302,P-000971
C,0042,Via Leopardi,L1,PL-000972,,250,LED,45.424,9.10348,P-000972
C,0042,Via Leopardi,L2,PL-000973,,150,SAP,45.42412,9.10347,P-000973
C,0042,Via Leopardi,L3,PL-000974,,100,SAP,45.42424,9.10346,P-000974
C,0042,Via Leopardi,L1,PL-000975,,100,SAP,45.42436,9.10374,P-000975
C,0042,Via Leopardi,L2,PL-000976,,150,SAP,45.42448,9.10317,P-000976
C,0042,Via Leopardi,L3,PL-000977,,100,SAP,45.4246,9.10355,P-000977
C,0042,Via Leopardi,L1,PL-000978,,100,LED,45.42472,9.1031,P-000978
C,0042,Via Leopardi,L2,PL-000979,,250,LED,45.42484,9.10318,P-000979
C,0042,Via Leopardi,L3,PL-000980,,150,SAP,45.42496,9.10299,P-000980
C,0042,Via Leopardi,L1,PL-000981,,250,SAP,45.42508,9.10373,P-000981
C,0042,Via Leopardi,L2,PL-000982,,250,MH,45.4252,9.10346,P-000982
C,0042,Via Leopardi,L3,PL-000983,,250,SAP,45.42532,9.10363,P-000983
C,0042,Via Leopardi,L1,PL-000984,,150,SAP,45.42544,9.10347,P-000984
C,0042,Via Leopardi,L2,PL-000985,,150,LED,45.42556,9.10354,P-000985
C,0042,Via Leopardi,L3,PL-000986,,250,SAP,45.42568,9.10312,P-000986
C,0042,Via Leopardi,L1,PL-000987,,250,LED,45.4258,9.10361,P-000987
C,0042,Via Leopardi,L2,PL-000988,,250,SAP,45.42592,9.10372,P-000988
C,0042,Via Leopardi,L3,PL-000989,,100,LED,45.42604,9.10319,P-000989
C,0042,Via Leopardi,L1,PL-000990,,150,SAP,45.42616,9.10348,P-000990
C,0042,Via Leopardi,L2,PL-000991,,150,MH,45.42628,9.10374,P-000991
C,0042,Via Leopardi,L3,PL-000992,,100,SAP,45.4264,9.10302,P-000992
C,0042,Via Leopardi,L1,PL-000993,,150,MH,45.42652,9.10319,P-000993
C,0042,Via Leopardi,L2,PL-000994,,100,SAP,45.42664,9.10356,P-000994
C,0042,Via Leopardi,L3,PL-000995,,250,SAP,45.42676,9.10334,P-000995
C,0042,Via Leopardi,L1,PL-000996,,100,SAP,45.42688,9.10301,P-000996
C,0042,Via Leopardi,L2,PL-000997,,250,SAP,45.427,9.10336,P-000997
C,0042,Via Leopardi,L3,PL-000998,,150,SAP,45.42712,9.10313,P-000998
C,0042,Via Leopardi,L1,PL-000999,,150,SAP,45.42724,9.10306,P-000999
C,0042,Via Leopardi,L2,PL-001000,,100,SAP,45.42736,9.10324,P-001000
C,0042,Via Leopardi,L3,PL-001001,,100,LED,45.42748,9.10348,P-001001
C,0042,Via Leopardi,L1,PL-001002,,150,SAP,45.4276,9.10304,P-001002
C,0042,Via Leopardi,L2,PL-001003,,250,SAP,45.42772,9.10364,P-001003
C,0042,Via Leopardi,L3,PL-001004,,150,SAP,45.42784,9.1035,P-001004
C,0042,Via Leopardi,L1,PL-001005,,150,SAP,45.42796,9.10347,P-001005
C,0042,Via Leopardi,L2,PL-001006,,250,SAP,45.42808,9.10358,P-001006
C,0042,Via Leopardi,L3,PL-001007,,150,LED,45.4282,9.10328,P-001007
C,0042,Via Leopardi,L1,PL-001008,,100,SAP,45.42832,9.10314,P-001008
C,0042,Via Leopardi,L2,PL-001009,,150,SAP,45.42844,9.10299,P-001009
C,0042,Via Leopardi,L3,PL-001010,,100,MH,45.42856,9.10339,P-001010
C,0042,Via Leopardi,L1,PL-001011,,100,SAP,45.42868,9.10337,P-001011
C,0042,Via Leopardi,L2,PL-001012,,150,LED,45.4288,9.10305,P-001012
C,0042,Via Leopardi,L3,PL-001013,,150,SAP,45.42892,9.10304,P-001013
C,0042,Via Leopardi,L1,PL-001014,,150,SAP,45.42904,9.10316,P-001014
C,0042,Via Leopardi,L2,PL-001015,,100,MH,45.42916,9.10325,P-001015
C,0042,Via Leopardi,L3,PL-001016,,150,MH,45.42928,9.10341,P-001016
C,0042,Via Leopardi,L1,PL-001017,,150,SAP,45.4294,9.10359,P-001017
C,0042,Via Leopardi,L2,PL-001018,,250,SAP,45.42952,9.10344,P-001018
C,0042,Via Leopardi,L3,PL-001019,,100,MH,45.42964,9.10303,P-001019
C,0042,Via Leopardi,L1,PL-001020,,150,SAP,45.42976,9.10364,P-001020
C,0042,Via Leopardi,L2,PL-001021,,150,SAP,45.42988,9.10299,P-001021
C,0042,Via Leopardi,L3,PL-001022,,250,SAP,45.43,9.10372,P-001022
C,0042,Via Leopardi,L1,PL-001023,,250,SAP,45.43012,9.10323,P-001023
C,0042,Via Leopardi,L2,PL-001024,,150,SAP,45.43024,9.10299,P-001024
C,0042,Via Leopardi,L3,PL-001025,,150,SAP,45.43036,9.10339,P-001025
C,0042,Via Leopardi,L1,PL-001026,,150,SAP,45.43048,9.10338,P-001026
C,0042,Via Leopardi,L2,PL-001027,,150,SAP,45.4306,9.10308,P-001027
C,0042,Via Leopardi,L3,PL-001028,,100,SAP,45.43072,9.10371,P-001028
C,0042,Via Leopardi,L1,PL-001029,,250,SAP,45.43084,9.10305,P-001029
C,0042,Via Leopardi,L2,PL-001030,,250,SAP,45.43096,9.1036,P-001030
C,0042,Via Leopardi,L3,PL-001031,,150,SAP,45.43108,9.10304,P-001031
C,0042,Via Leopardi,L1,PL-001032,,250,SAP,45.4312,9.10299,P-001032
C,0042,Via Leopardi,L2,PL-001033,,150,SAP,45.43132,9.1031,P-001033
C,0042,Via Leopardi,L3,PL-001034,,150,LED,45.43144,9.10307,P-001034
C,0042,Via Leopardi,L1,PL-001035,,100,SAP,45.43156,9.10343,P-001035
C,0042,Via Leopardi,L2,PL-001036,,250,SAP,45.43168,9.10321,P-001036
C,0042,Via Leopardi,L3,PL-001037,,150,SAP,45.4318,9.10366,P-001037
C,0042,Via Leopardi,L1,PL-001038,,150,SAP,45.43192,9.10323,P-001038
C,0042,Via Leopardi,L2,PL-001039,,250,LED,45.43204,9.10323,P-001039
C,0042,Via Leopardi,L3,PL-001040,,250,SAP,45.43216,9.1034,P-001040
C,0042,Via Leopardi,L1,PL-001041,,250,LED,45.43228,9.10306,P-001041
C,0042,Via Leopardi,L2,PL-001042,,150,LED,45.4324,9.10368,P-001042
C,0042,Via Leopardi,L3,PL-001043,,150,MH,45.43252,9.10299,P-001043
C,0042,Via Leopardi,L1,PL-001044,,150,SAP,45.43264,9.10301,P-001044
C,0042,Via Leopardi,L2,PL-001045,,150,SAP,45.43276,9.10374,P-001045
C,0042,Via Leopardi,L3,PL-001046,,100,SAP,45.43288,9.10334,P-001046
C,0042,Via Leopardi,L1,PL-001047,,150,SAP,45.433,9.103,P-001047
C,0042,Via Leopardi,L2,PL-001048,,150,SAP,45.43312,9.10315,P-001048
C,0042,Via Leopardi,L3,PL-001049,,100,MH,45.43324,9.10304,P-001049
C,0042,Via Leopardi,L1,PL-001050,,150,MH,45.43336,9.10305,P-001050
C,0042,Via Leopardi,L2,PL-001051,,250,SAP,45.43348,9.10344,P-001051
C,0042,Via Leopardi,L3,PL-001052,,150,SAP,45.4336,9.10332,P-001052
C,0042,Via Leopardi,L1,PL-001053,,150,MH,45.43372,9.10373,P-001053
C,0042,Via Leopardi,L2,PL-001054,,250,SAP,45.43384,9.10316,P-001054
C,0042,Via Leopardi,L3,PL-001055,,150,SAP,45.43396,9.10342,P-001055
C,0042,Via Leopardi,L1,PL-001056,,100,SAP,45.43408,9.10324,P-001056
C,0042,Via Leopardi,L2,PL-001057,,100,SAP,45.4342,9.1035,P-001057
C,0042,Via Leopardi,L3,PL-001058,,150,SAP,45.43432,9.10318,P-001058
C,0042,Via Leopardi,L1,PL-001059,,150,SAP,45.43444,9.10366,P-001059
C,0042,Via Leopardi,L2,PL-001060,,150,LED,45.43456,9.1031,P-001060
C,0042,Via Leopardi,L3,PL-001061,,150,LED,45.43468,9.10315,P-001061
C,0042,Via Leopardi,L1,PL-001062,,150,SAP,45.4348,9.10362,P-001062
C,0042,Via Leopardi,L2,PL-001063,,100,LED,45.43492,9.10344,P-001063
C,0042,Via Leopardi,L3,PL-001064,,100,SAP,45.43504,9.10299,P-001064
C,0042,Via Leopardi,L1,PL-001065,,150,SAP,45.43516,9.10374,P-001065
C,0042,Via Leopardi,L2,PL-001066,,100,SAP,45.43528,9.10337,P-001066
C,0042,Via Leopardi,L3,PL-001067,,150,SAP,45.4354,9.10304,P-001067
C,0042,Via Leopardi,L1,PL-001068,,100,MH,45.43552,9.10341,P-001068
C,0042,Via Leopardi,L2,PL-001069,,250,MH,45.43564,9.10336,P-001069
C,0042,Via Leopardi,L3,PL-001070,,250,SAP,45.43576,9.10371,P-001070
C,0042,Via Leopardi,L1,PL-001071,,100,SAP,45.43588,9.10309,P-001071
C,0042,Via Leopardi,L2,PL-001072,,100,SAP,45.436,9.10349,P-001072
C,0042,Via Leopardi,L3,PL-001073,,250,LED,45.43612,9.10334,P-001073
C,0042,Via Leopardi,L1,PL-001074,,100,LED,45.43624,9.10306,P-001074
C,0042,Via Leopardi,L2,PL-001075,,150,SAP,45.43636,9.10336,P-001075
C,0042,Via Leopardi,L3,PL-001076,,250,LED,45.43648,9.10329,P-001076
C,0042,Via Leopardi,L1,PL-001077,,100,SAP,45.4366,9.10336,P-001077
C,0042,Via Leopardi,L2,PL-001078,,150,SAP,45.43672,9.10343,P-001078
C,0042,Via Leopardi,L3,PL-001079,,250,SAP,45.43684,9.10344,P-001079
C,0042,Via Leopardi,L1,PL-001080,,100,SAP,45.43696,9.10333,P-001080
C,0042,Via Leopardi,L2,PL-001081,,150,SAP,45.43708,9.1031,P-001081
C,0042,Via Leopardi,L3,PL-001082,,150,MH,45.4372,9.10313,P-001082
C,0042,Via Leopardi,L1,PL-001083,,100,MH,45.43732,9.10332,P-001083
C,0042,Via Leopardi,L2,PL-001084,,250,SAP,45.43744,9.10321,P-001084
C,0042,Via Leopardi,L3,PL-001085,,250,SAP,45.43756,9.10356,P-001085
C,0043,Via dei Tigli,L1,PL-001086,,250,MH,45.41821,9.11864,P-001086
C,0043,Via dei Tigli,L2,PL-001087,,150,SAP,45.41833,9.11905,P-001087
C,0043,Via dei Tigli,L3,PL-001088,,100,SAP,45.41845,9.11881,P-001088
C,0043,Via dei Tigli,L1,PL-001089,,100,LED,45.41857,9.11883,P-001089
C,0043,Via dei Tigli,L2,PL-001090,,100,SAP,45.41869,9.11853,P-001090
C,0043,Via dei Tigli,L3,PL-001091,,250,LED,45.41881,9.11897,P-001091
C,0043,Via dei Tigli,L1,PL-001092,,150,MH,45.41893,9.11904,P-001092
C,0043,Via dei Tigli,L2,PL-001093,,250,MH,45.41905,9.11888,P-001093
C,0043,Via dei Tigli,L3,PL-001094,,150,MH,45.41917,9.11863,P-001094
C,0043,Via dei Tigli,L1,PL-001095,,100,LED,45.41929,9.11837,P-001095
C,0043,Via dei Tigli,L2,PL-001096,,150,SAP,45.41941,9.11874,P-001096
C,0043,Via dei Tigli,L3,PL-001097,,250,SAP,45.41953,9.11866,P-001097
C,0043,Via dei Tigli,L1,PL-001098,,150,MH,45.41965,9.11892,P-001098
C,0043,Via dei Tigli,L2,PL-001099,,150,MH,45.41977,9.11846,P-001099
C,0043,Via dei Tigli,L3,PL-001100,,250,SAP,45.41989,9.119,P-001100
C,0043,Via dei Tigli,L1,PL-001101,,100,SAP,45.42001,9.11898,P-001101
C,0043,Via dei Tigli,L2,PL-001102,,150,SAP,45.42013,9.11852,P-001102
C,0043,Via dei Tigli,L3,PL-001103,,250,SAP,45.42025,9.11896,P-001103
C,0043,Via dei Tigli,L1,PL-001104,,150,SAP,45.42037,9.11858,P-001104
C,0043,Via dei Tigli,L2,PL-001105,,100,LED,45.42049,9.11842,P-001105
C,0043,Via dei Tigli,L3,PL-001106,,250,LED,45.42061,9.11876,P-001106
C,0043,Via dei Tigli,L1,PL-001107,,250,SAP,45.42073,9.11876,P-001107
C,0043,Via dei Tigli,L2,PL-001108,,150,SAP,45.42085,9.11874,P-001108
C,0043,Via dei Tigli,L3,PL-001109,,100,SAP,45.42097,9.11883,P-001109
C,0043,Via dei Tigli,L1,PL-001110,,250,LED,45.42109,9.11872,P-001110
C,0043,Via dei Tigli,L2,PL-001111,,100,LED,45.42121,9.11894,P-001111
C,0043,Via dei Tigli,L3,PL-001112,,250,SAP,45.42133,9.11847,P-001112
C,0043,Via dei Tigli,L1,PL-001113,,100,LED,45.42145,9.11914,P-001113
C,0043,Via dei Tigli,L2,PL-001114,,150,SAP,45.42157,9.11898,P-001114
C,0043,Via dei Tigli,L3,PL-001115,,150,SAP,45.42169,9.1185,P-001115
C,0043,Via dei Tigli,L1,PL-001116,,100,MH,45.42181,9.11911,P-001116
C,0043,Via dei Tigli,L2,PL-001117,,150,SAP,45.42193,9.11841,P-001117
C,0043,Via dei Tigli,L3,PL-001118,,150,SAP,45.42205,9.11881,P-001118
C,0043,Via dei Tigli,L1,PL-001119,,250,MH,45.42217,9.11904,P-001119
C,0043,Via dei Tigli,L2,PL-001120,,250,SAP,45.42229,9.11846,P-001120
C,0043,Via dei Tigli,L3,PL-001121,,250,LED,45.42241,9.11863,P-001121
C,0043,Via dei Tigli,L1,PL-001122,,250,SAP,45.42253,9.11874,P-001122
C,0043,Via dei Tigli,L2,PL-001123,,250,SAP,45.42265,9.11844,P-001123
C,0043,Via dei Tigli,L3,PL-001124,,150,LED,45.42277,9.11886,P-001124
C,0043,Via dei Tigli,L1,PL-001125,,100,SAP,45.42289,9.11895,P-001125
C,0043,Via dei Tigli,L2,PL-001126,,250,SAP,45.42301,9.1188,P-001126
C,0043,Via dei Tigli,L3,PL-001127,,100,SAP,45.42313,9.11904,P-001127
C,0043,Via dei Tigli,L1,PL-001128,,150,MH,45.42325,9.11844,P-001128
C,0043,Via dei Tigli,L2,PL-001129,,250,MH,45.42337,9.11883,P-001129
C,0043,Via dei Tigli,L3,PL-001130,,250,MH,45.42349,9.11913,P-001130
C,0043,Via dei Tigli,L1,PL-001131,,150,SAP,45.42361,9.11839,P-001131
C,0043,Via dei Tigli,L2,PL-001132,,150,SAP,45.42373,9.11839,P-001132
C,0043,Via dei Tigli,L3,PL-001133,,150,SAP,45.42385,9.1186,P-001133
C,0043,Via dei Tigli,L1,PL-001134,,250,SAP,45.42397,9.11852,P-001134
C,0043,Via dei Tigli,L2,PL-001135,,100,SAP,45.42409,9.1188,P-001135
C,0043,Via dei Tigli,L3,PL-001136,,150,MH,45.42421,9.11856,P-001136
C,0043,Via dei Tigli,L1,PL-001137,,250,SAP,45.42433,9.1188,P-001137
C,0043,Via dei Tigli,L2,PL-001138,,150,SAP,45.42445,9.11842,P-001138
C,0043,Via dei Tigli,L3,PL-001139,,150,MH,45.42457,9.11885,P-001139
C,0043,Via dei Tigli,L1,PL-001140,,100,SAP,45.42469,9.1189,P-001140
C,0043,Via dei Tigli,L2,PL-001141,,100,SAP,45.42481,9.11876,P-001141
C,0043,Via dei Tigli,L3,PL-001142,,150,LED,45.42493,9.11853,P-001142
C,0043,Via dei Tigli,L1,PL-001143,,150,MH,45.42505,9.11895,P-001143
C,0043,Via dei Tigli,L2,PL-001144,,250,SAP,45.42517,9.11842,P-001144
C,0043,Via dei Tigli,L3,PL-001145,,150,SAP,45.42529,9.11893,P-001145
C,0043,Via dei Tigli,L1,PL-001146,,150,SAP,45.42541,9.11882,P-001146
C,0043,Via dei Tigli,L2,PL-001147,,100,SAP,45.42553,9.11904,P-001147
C,0043,Via dei Tigli,L3,PL-001148,,100,SAP,45.42565,9.11846,P-001148
C,0043,Via dei Tigli,L1,PL-001149,,150,LED,45.42577,9.11842,P-001149
C,0043,Via dei Tigli,L2,PL-001150,,250,SAP,45.42589,9.11912,P-001150
C,0043,Via dei Tigli,L3,PL-001151,,250,SAP,45.42601,9.11878,P-001151
C,0043,Via dei Tigli,L1,PL-001152,,150,SAP,45.42613,9.11893,P-001152
C,0043,Via dei Tigli,L2,PL-001153,,250,SAP,45.42625,9.1191,P-001153
C,0043,Via dei Tigli,L3,PL-001154,,150,SAP,45.42637,9.11838,P-001154
C,0043,Via dei Tigli,L1,PL-001155,,250,SAP,45.42649,9.11884,P-001155
C,0043,Via dei Tigli,L2,PL-001156,,150,SAP,45.42661,9.11867,P-001156
C,0043,Via dei Tigli,L3,PL-001157,,250,SAP,45.42673,9.11908,P-001157
C,0043,Via dei Tigli,L1,PL-001158,,250,SAP,45.42685,9.11908,P-001158
C,0043,Via dei Tigli,L2,PL-001159,,150,SAP,45.42697,9.11899,P-001159
C,0043,Via dei Tigli,L3,PL-001160,,100,SAP,45.42709,9.1189,P-001160
C,0043,Via dei Tigli,L1,PL-001161,,100,SAP,45.42721,9.11884,P-001161
C,0043,Via dei Tigli,L2,PL-001162,,250,SAP,45.42733,9.1185,P-001162
C,0043,Via dei Tigli,L3,PL-001163,,150,LED,45.42745,9.11893,P-001163
C,0043,Via dei Tigli,L1,PL-001164,,250,LED,45.42757,9.11905,P-001164
C,0043,Via dei Tigli,L2,PL-001165,,150,SAP,45.42769,9.11885,P-001165
C,0043,Via dei Tigli,L3,PL-001166,,100,MH,45.42781,9.11898,P-001166
C,0043,Via dei Tigli,L1,PL-001167,,150,LED,45.42793,9.11853,P-001167
C,0043,Via dei Tigli,L2,PL-001168,,100,LED,45.42805,9.11883,P-001168
C,0043,Via dei Tigli,L3,PL-001169,,250,SAP,45.42817,9.11907,P-001169
C,0043,Via dei Tigli,L1,PL-001170,,100,MH,45.42829,9.1186,P-001170
C,0043,Via dei Tigli,L2,PL-001171,,150,MH,45.42841,9.11904,P-001171
C,0043,Via dei Tigli,L3,PL-001172,,150,MH,45.42853,9.11839,P-001172
C,0043,Via dei Tigli,L1,PL-001173,,100,SAP,45.42865,9.11867,P-001173
C,0043,Via dei Tigli,L2,PL-001174,,250,MH,45.42877,9.11848,P-001174
C,0043,Via dei Tigli,L3,PL-001175,,100,MH,45.42889,9.11865,P-001175
C,0043,Via dei Tigli,L1,PL-001176,,100,SAP,45.42901,9.11845,P-001176
C,0043,Via dei Tigli,L2,PL-001177,,150,SAP,45.42913,9.11866,P-001177
C,0043,Via dei Tigli,L3,PL-001178,,250,SAP,45.42925,9.11853,P-001178
C,0043,Via dei Tigli,L1,PL-001179,,100,SAP,45.42937,9.11904,P-001179
C,0043,Via dei Tigli,L2,PL-001180,,100,MH,45.42949,9.1186,P-001180
C,0043,Via dei Tigli,L3,PL-001181,,100,SAP,45.42961,9.11892,P-001181
C,0043,Via dei Tigli,L1,PL-001182,,150,SAP,45.42973,9.11856,P-001182
C,0043,Via dei Tigli,L2,PL-001183,,250,MH,45.42985,9.11844,P-001183
C,0043,Via dei Tigli,L3,PL-001184,,100,SAP,45.42997,9.11846,P-001184
C,0043,Via dei Tigli,L1,PL-001185,,100,SAP,45.43009,9.11877,P-001185
C,0043,Via dei Tigli,L2,PL-001186,,150,LED,45.43021,9.11879,P-001186
C,0043,Via dei Tigli,L3,PL-001187,,100,LED,45.43033,9.11876,P-001187
C,0043,Via dei Tigli,L1,PL-001188,,250,SAP,45.43045,9.11889,P-001188
C,0043,Via dei Tigli,L2,PL-001189,,250,LED,45.43057,9.1184,P-001189
C,0043,Via dei Tigli,L3,PL-001190,,150,SAP,45.43069,9.11892,P-001190
C,0043,Via dei Tigli,L1,PL-001191,,150,SAP,45.43081,9.11843,P-001191
C,0043,Via dei Tigli,L2,PL-001192,,100,SAP,45.43093,9.11863,P-001192
C,0043,Via dei Tigli,L3,PL-001193,,150,SAP,45.43105,9.11847,P-001193
C,0043,Via dei Tigli,L1,PL-001194,,150,MH,45.43117,9.1186,P-001194
C,0043,Via dei Tigli,L2,PL-001195,,150,SAP,45.43129,9.11907,P-001195
C,0043,Via dei Tigli,L3,PL-001196,,100,SAP,45.43141,9.11912,P-001196
C,0043,Via dei Tigli,L1,PL-001197,,250,MH,45.43153,9.11841,P-001197
C,0043,Via dei Tigli,L2,PL-001198,,100,LED,45.43165,9.11868,P-001198
C,0043,Via dei Tigli,L3,PL-001199,,100,SAP,45.43177,9.11896,P-001199
C,0043,Via dei Tigli,L1,PL-001200,,100,SAP,45.43189,9.11895,P-001200
C,0043,Via dei Tigli,L2,PL-001201,,250,SAP,45.43201,9.1189,P-001201
C,0043,Via dei Tigli,L3,PL-001202,,100,SAP,45.43213,9.11908,P-001202
C,0043,Via dei Tigli,L1,PL-001203,,250,LED,45.43225,9.11873,P-001203
C,0043,Via dei Tigli,L2,PL-001204,,250,MH,45.43237,9.11904,P-001204
C,0043,Via dei Tigli,L3,PL-001205,,250,SAP,45.43249,9.11887,P-001205
C,0043,Via dei Tigli,L1,PL-001206,,150,MH,45.43261,9.11893,P-001206
C,0043,Via dei Tigli,L2,PL-001207,,250,LED,45.43273,9.1188,P-001207
C,0043,Via dei Tigli,L3,PL-001208,,250,SAP,45.43285,9.11908,P-001208
C,0043,Via dei Tigli,L1,PL-001209,,250,SAP,45.43297,9.11852,P-001209
C,0043,Via dei Tigli,L2,PL-001210,,150,SAP,45.43309,9.11909,P-001210
C,0043,Via dei Tigli,L3,PL-001211,,150,LED,45.43321,9.11879,P-001211
C,0043,Via dei Tigli,L1,PL-001212,,150,MH,45.43333,9.11839,P-001212
C,0043,Via dei Tigli,L2,PL-001213,,150,SAP,45.43345,9.11872,P-001213
C,0043,Via dei Tigli,L3,PL-001214,,250,SAP,45.43357,9.11883,P-001214
C,0043,Via dei Tigli,L1,PL-001215,,250,SAP,45.43369,9.11897,P-001215
C,0043,Via dei Tigli,L2,PL-001216,,150,MH,45.43381,9.1185,P-001216
C,0043,Via dei Tigli,L3,PL-001217,,150,LED,45.43393,9.11869,P-001217
C,0043,Via dei Tigli,L1,PL-001218,,150,LED,45.43405,9.11838,P-001218
C,0043,Via dei Tigli,L2,PL-001219,,150,MH,45.43417,9.11872,P-001219
C,0043,Via dei Tigli,L3,PL-001220,,100,SAP,45.43429,9.1187,P-001220
C,0044,Circonvallazione Est,L1,PL-001221,,150,MH,45.40721,9.14057,P-001221
C,0044,Circonvallazione Est,L2,PL-001222,,250,SAP,45.40733,9.14095,P-001222
C,0044,Circonvallazione Est,L3,PL-001223,,100,SAP,45.40745,9.14099,P-001223
C,0044,Circonvallazione Est,L1,PL-001224,,150,SAP,45.40757,9.14071,P-001224
C,0044,Circonvallazione Est,L2,PL-001225,,250,LED,45.40769,9.14034,P-001225
C,0044,Circonvallazione Est,L3,PL-001226,,100,SAP,45.40781,9.14101,P-001226
C,0044,Circonvallazione Est,L1,PL-001227,,250,SAP,45.40793,9.1406,P-001227
C,0044,Circonvallazione Est,L2,PL-001228,,100,SAP,45.40805,9.14064,P-001228
C,0044,Circonvallazione Est,L3,PL-001229,,250,SAP,45.40817,9.14038,P-001229
C,0044,Circonvallazione Est,L1,PL-001230,,150,SAP,45.40829,9.14084,P-001230
C,0044,Circonvallazione Est,L2,PL-001231,,250,SAP,45.40841,9.1405,P-001231
C,0044,Circonvallazione Est,L3,PL-001232,,100,SAP,45.40853,9.14083,P-001232
C,0044,Circonvallazione Est,L1,PL-001233,,100,SAP,45.40865,9.14108,P-001233
C,0044,Circonvallazione Est,L2,PL-001234,,100,SAP,45.40877,9.14061,P-001234
C,0044,Circonvallazione Est,L3,PL-001235,,250,SAP,45.40889,9.14093,P-001235
C,0044,Circonvallazione Est,L1,PL-001236,,150,MH,45.40901,9.14069,P-001236
C,0044,Circonvallazione Est,L2,PL-001237,,100,LED,45.40913,9.14049,P-001237
C,0044,Circonvallazione Est,L3,PL-001238,,250,SAP,45.40925,9.14089,P-001238
C,0044,Circonvallazione Est,L1,PL-001239,,150,LED,45.40937,9.14034,P-001239
C,0044,Circonvallazione Est,L2,PL-001240,,150,SAP,45.40949,9.14096,P-001240
C,0044,Circonvallazione Est,L3,PL-001241,,250,SAP,45.40961,9.14101,P-001241
C,0044,Circonvallazione Est,L1,PL-001242,,100,SAP,45.40973,9.14038,P-001242
C,0044,Circonvallazione Est,L2,PL-001243,,250,MH,45.40985,9.14036,P-001243
C,0044,Circonvallazione Est,L3,PL-001244,,100,SAP,45.40997,9.141,P-001244
C,0044,Circonvallazione Est,L1,PL-001245,,100,SAP,45.41009,9.14063,P-001245
C,0044,Circonvallazione Est,L2,PL-001246,,100,SAP,45.41021,9.14084,P-001246
C,0044,Circonvallazione Est,L3,PL-001247,,100,LED,45.41033,9.14081,P-001247
C,0044,Circonvallazione Est,L1,PL-001248,,100,MH,45.41045,9.14041,P-001248
C,0044,Circonvallazione Est,L2,PL-001249,,150,SAP,45.41057,9.14067,P-001249
C,0044,Circonvallazione Est,L3,PL-001250,,150,SAP,45.41069,9.14054,P-001250
C,0044,Circonvallazione Est,L1,PL-001251,,100,SAP,45.41081,9.14054,P-001251
C,0044,Circonvallazione Est,L2,PL-001252,,250,MH,45.41093,9.14047,P-001252
C,0044,Circonvallazione Est,L3,PL-001253,,150,SAP,45.41105,9.14041,P-001253
C,0044,Circonvallazione Est,L1,PL-001254,,150,SAP,45.41117,9.14084,P-001254
C,0044,Circonvallazione Est,L2,PL-001255,,150,SAP,45.41129,9.14101,P-001255
C,0044,Circonvallazione Est,L3,PL-001256,,100,SAP,45.41141,9.14096,P-001256
C,0044,Circonvallazione Est,L1,PL-001257,,100,LED,45.41153,9.14104,P-001257
C,0044,Circonvallazione Est,L2,PL-001258,,250,MH,45.41165,9.14047,P-001258
C,0044,Circonvallazione Est,L3,PL-001259,,250,SAP,45.41177,9.14076,P-001259
C,0044,Circonvallazione Est,L1,PL-001260,,100,SAP,45.41189,9.14108,P-001260
C,0044,Circonvallazione Est,L2,PL-001261,,250,SAP,45.41201,9.14068,P-001261
C,0044,Circonvallazione Est,L3,PL-001262,,150,SAP,45.41213,9.14085,P-001262
C,0044,Circonvallazione Est,L1,PL-001263,,150,SAP,45.41225,9.1407,P-001263
C,0044,Circonvallazione Est,L2,PL-001264,,250,SAP,45.41237,9.14093,P-001264
C,0044,Circonvallazione Est,L3,PL-001265,,250,LED,45.41249,9.14094,P-001265
C,0044,Circonvallazione Est,L1,PL-001266,,100,SAP,45.41261,9.14064,P-001266
C,0044,Circonvallazione Est,L2,PL-001267,,150,MH,45.41273,9.14104,P-001267
C,0044,Circonvallazione Est,L3,PL-001268,,250,LED,45.41285,9.14064,P-001268
C,0044,Circonvallazione Est,L1,PL-001269,,100,LED,45.41297,9.14077,P-001269
C,0044,Circonvallazione Est,L2,PL-001270,,100,SAP,45.41309,9.14086,P-001270
C,0044,Circonvallazione Est,L3,PL-001271,,250,MH,45.41321,9.14054,P-001271
C,0044,Circonvallazione Est,L1,PL-001272,,250,LED,45.41333,9.14043,P-001272
C,0044,Circonvallazione Est,L2,PL-001273,,150,SAP,45.41345,9.14079,P-001273
C,0044,Circonvallazione Est,L3,PL-001274,,250,SAP,45.41357,9.14102,P-001274
C,0044,Circonvallazione Est,L1,PL-001275,,100,SAP,45.41369,9.14061,P-001275
C,0044,Circonvallazione Est,L2,PL-001276,,100,MH,45.41381,9.14097,P-001276
C,0044,Circonvallazione Est,L3,PL-001277,,150,LED,45.41393,9.14049,P-001277
C,0044,Circonvallazione Est,L1,PL-001278,,100,MH,45.41405,9.14063,P-001278
C,0044,Circonvallazione Est,L2,PL-001279,,100,SAP,45.41417,9.14105,P-001279
C,0044,Circonvallazione Est,L3,PL-001280,,250,SAP,45.41429,9.14032,P-001280
C,0044,Circonvallazione Est,L1,PL-001281,,100,LED,45.41441,9.14048,P-001281
C,0044,Circonvallazione Est,L2,PL-001282,,250,LED,45.41453,9.1409,P-001282
C,0044,Circonvallazione Est,L3,PL-001283,,250,SAP,45.41465,9.14066,P-001283
C,0044,Circonvallazione Est,L1,PL-001284,,100,SAP,45.41477,9.14044,P-001284
C,0044,Circonvallazione Est,L2,PL-001285,,250,MH,45.41489,9.14082,P-001285
C,0044,Circonvallazione Est,L3,PL-001286,,250,LED,45.41501,9.14073,P-001286
C,0044,Circonvallazione Est,L1,PL-001287,,250,MH,45.41513,9.14056,P-001287
C,0044,Circonvallazione Est,L2,PL-001288,,150,MH,45.41525,9.14054,P-001288
C,0044,Circonvallazione Est,L3,PL-001289,,100,MH,45.41537,9.14094,P-001289
C,0044,Circonvallazione Est,L1,PL-001290,,100,SAP,45.41549,9.1404,P-001290
C,0044,Circonvallazione Est,L2,PL-001291,,250,LED,45.41561,9.14052,P-001291
C,0044,Circonvallazione Est,L3,PL-001292,,250,LED,45.41573,9.14077,P-001292
C,0044,Circonvallazione Est,L1,PL-001293,,100,SAP,45.41585,9.14075,P-001293
C,0044,Circonvallazione Est,L2,PL-001294,,250,SAP,45.41597,9.14072,P-001294
C,0044,Circonvallazione Est,L3,PL-001295,,100,SAP,45.41609,9.1411,P-001295
C,0044,Circonvallazione Est,L1,PL-001296,,100,MH,45.41621,9.14041,P-001296
C,0044,Circonvallazione Est,L2,PL-001297,,100,SAP,45.41633,9.1408,P-001297
C,0044,Circonvallazione Est,L3,PL-001298,,250,SAP,45.41645,9.14044,P-001298
C,0044,Circonvallazione Est,L1,PL-001299,,250,SAP,45.41657,9.14074,P-001299
C,0044,Circonvallazione Est,L2,PL-001300,,150,SAP,45.41669,9.14082,P-001300
C,0044,Circonvallazione Est,L3,PL-001301,,250,MH,45.41681,9.14049,P-001301
C,0044,Circonvallazione Est,L1,PL-001302,,100,LED,45.41693,9.14091,P-001302
C,0044,Circonvallazione Est,L2,PL-001303,,250,SAP,45.41705,9.14036,P-001303
C,0044,Circonvallazione Est,L3,PL-001304,,100,LED,45.41717,9.14053,P-001304
C,0044,Circonvallazione Est,L1,PL-001305,,100,MH,45.41729,9.14103,P-001305
C,0044,Circonvallazione Est,L2,PL-001306,,100,LED,45.41741,9.14057,P-001306
C,0044,Circonvallazione Est,L3,PL-001307,,100,SAP,45.41753,9.14109,P-001307
C,0044,Circonvallazione Est,L1,PL-001308,,250,LED,45.41765,9.14074,P-001308
C,0044,Circonvallazione Est,L2,PL-001309,,150,LED,45.41777,9.14035,P-001309
C,0044,Circonvallazione Est,L3,PL-001310,,100,SAP,45.41789,9.14046,P-001310
C,0044,Circonvallazione Est,L1,PL-001311,,150,MH,45.41801,9.1411,P-001311
C,0044,Circonvallazione Est,L2,PL-001312,,150,SAP,45.41813,9.14098,P-001312
C,0044,Circonvallazione Est,L3,PL-001313,,250,SAP,45.41825,9.14074,P-001313
C,0044,Circonvallazione Est,L1,PL-001314,,150,MH,45.41837,9.14087,P-001314
C,0044,Circonvallazione Est,L2,PL-001315,,100,SAP,45.41849,9.1407,P-001315
C,0044,Circonvallazione Est,L3,PL-001316,,100,SAP,45.41861,9.14101,P-001316
C,0044,Circonvallazione Est,L1,PL-001317,,100,SAP,45.41873,9.14058,P-001317
C,0044,Circonvallazione Est,L2,PL-001318,,250,SAP,45.41885,9.14087,P-001318
C,0044,Circonvallazione Est,L3,PL-001319,,150,SAP,45.41897,9.14038,P-001319
C,0044,Circonvallazione Est,L1,PL-001320,,150,SAP,45.41909,9.14068,P-001320
C,0044,Circonvallazione Est,L2,PL-001321,,250,SAP,45.41921,9.14069,P-001321
C,0044,Circonvallazione Est,L3,PL-001322,,250,SAP,45.41933,9.14041,P-001322
C,0044,Circonvallazione Est,L1,PL-001323,,250,SAP,45.41945,9.14086,P-001323
C,0044,Circonvallazione Est,L2,PL-001324,,100,LED,45.41957,9.14044,P-001324
C,0044,Circonvallazione Est,L3,PL-001325,,100,SAP,45.41969,9.14095,P-001325
C,0044,Circonvallazione Est,L1,PL-001326,,100,LED,45.41981,9.1405,P-001326
C,0044,Circonvallazione Est,L2,PL-001327,,150,MH,45.41993,9.14046,P-001327
C,0044,Circonvallazione Est,L3,PL-001328,,100,MH,45.42005,9.14041,P-001328
C,0044,Circonvallazione Est,L1,PL-001329,,250,SAP,45.42017,9.1404,P-001329
C,0044,Circonvallazione Est,L2,PL-001330,,100,LED,45.42029,9.14041,P-001330
C,0044,Circonvallazione Est,L3,PL-001331,,250,SAP,45.42041,9.14045,P-001331
C,0044,Circonvallazione Est,L1,PL-001332,,150,SAP,45.42053,9.141,P-001332
C,0044,Circonvallazione Est,L2,PL-001333,,100,SAP,45.42065,9.14073,P-001333
C,0044,Circonvallazione Est,L3,PL-001334,,100,SAP,45.42077,9.14055,P-001334
C,0044,Circonvallazione Est,L1,PL-001335,,100,SAP,45.42089,9.14103,P-001335
C,0044,Circonvallazione Est,L2,PL-001336,,250,MH,45.42101,9.14106,P-001336
C,0044,Circonvallazione Est,L3,PL-001337,,100,LED,45.42113,9.14081,P-001337
C,0044,Circonvallazione Est,L1,PL-001338,,250,LED,45.42125,9.14043,P-001338
C,0044,Circonvallazione Est,L2,PL-001339,,250,SAP,45.42137,9.14072,P-001339
C,0044,Circonvallazione Est,L3,PL-001340,,250,SAP,45.42149,9.14063,P-001340
C,0044,Circonvallazione Est,L1,PL-001341,,100,MH,45.42161,9.14045,P-001341
C,0044,Circonvallazione Est,L2,PL-001342,,250,SAP,45.42173,9.14056,P-001342
C,0044,Circonvallazione Est,L3,PL-001343,,150,MH,45.42185,9.14068,P-001343
C,0044,Circonvallazione Est,L1,PL-001344,,250,SAP,45.42197,9.14059,P-001344
C,0044,Circonvallazione Est,L2,PL-001345,,150,MH,45.42209,9.14072,P-001345
C,0044,Circonvallazione Est,L3,PL-001346,,250,LED,45.42221,9.14111,P-001346
C,0044,Circonvallazione Est,L1,PL-001347,,150,LED,45.42233,9.14087,P-001347
C,0044,Circonvallazione Est,L2,PL-001348,,100,SAP,45.42245,9.14063,P-001348
C,0044,Circonvallazione Est,L3,PL-001349,,250,MH,45.42257,9.14111,P-001349
C,0044,Circonvallazione Est,L1,PL-001350,,150,SAP,45.42269,9.14033,P-001350
C,0044,Circonvallazione Est,L2,PL-001351,,150,SAP,45.42281,9.14033,P-001351
C,0044,Circonvallazione Est,L3,PL-001352,,250,SAP,45.42293,9.14095,P-001352
C,0044,Circonvallazione Est,L1,PL-001353,,100,LED,45.42305,9.14109,P-001353
C,0044,Circonvallazione Est,L2,PL-001354,,150,SAP,45.42317,9.14096,P-001354
C,0044,Circonvallazione Est,L3,PL-001355,,150,SAP,45.42329,9.14071,P-001355
C,0045,Via Industria,L1,PL-001356,,150,SAP,45.39862,9.12448,P-001356
C,0045,Via Industria,L2,PL-001357,,100,SAP,45.39874,9.12432,P-001357
C,0045,Via Industria,L3,PL-001358,,250,SAP,45.39886,9.12479,P-001358
C,0045,Via Industria,L1,PL-001359,,250,SAP,45.39898,9.12432,P-001359
C,0045,Via Industria,L2,PL-001360,,250,SAP,45.3991,9.12477,P-001360
C,0045,Via Industria,L3,PL-001361,,250,MH,45.39922,9.12474,P-001361
C,0045,Via Industria,L1,PL-001362,,100,LED,45.39934,9.12452,P-001362
C,0045,Via Industria,L2,PL-001363,,250,SAP,45.39946,9.12459,P-001363
C,0045,Via Industria,L3,PL-001364,,150,SAP,45.39958,9.12438,P-001364
C,0045,Via Industria,L1,PL-001365,,150,MH,45.3997,9.12456,P-001365
C,0045,Via Industria,L2,PL-001366,,250,SAP,45.39982,9.12417,P-001366
C,0045,Via Industria,L3,PL-001367,,150,SAP,45.39994,9.12452,P-001367
C,0045,Via Industria,L1,PL-001368,,100,SAP,45.40006,9.12435,P-001368
C,0045,Via Industria,L2,PL-001369,,100,MH,45.40018,9.12438,P-001369
C,0045,Via Industria,L3,PL-001370,,100,SAP,45.4003,9.12482,P-001370
C,0045,Via Industria,L1,PL-001371,,250,SAP,45.40042,9.12477,P-001371
C,0045,Via Industria,L2,PL-001372,,100,SAP,45.40054,9.12433,P-001372
C,0045,Via Industria,L3,PL-001373,,150,LED,45.40066,9.12485,P-001373
C,0045,Via Industria,L1,PL-001374,,100,SAP,45.40078,9.12419,P-001374
C,0045,Via Industria,L2,PL-001375,,250,SAP,45.4009,9.12481,P-001375
C,0045,Via Industria,L3,PL-001376,,250,SAP,45.40102,9.1243,P-001376
C,0045,Via Industria,L1,PL-001377,,250,SAP,45.40114,9.12453,P-001377
C,0045,Via Industria,L2,PL-001378,,100,LED,45.40126,9.12488,P-001378
C,0045,Via Industria,L3,PL-001379,,250,SAP,45.40138,9.12451,P-001379
C,0045,Via Industria,L1,PL-001380,,100,SAP,45.4015,9.12485,P-001380
C,0045,Via Industria,L2,PL-001381,,250,MH,45.40162,9.12481,P-001381
C,0045,Via Industria,L3,PL-001382,,250,SAP,45.40174,9.12456,P-001382
C,0045,Via Industria,L1,PL-001383,,100,SAP,45.40186,9.12449,P-001383
C,0045,Via Industria,L2,PL-001384,,100,LED,45.40198,9.12469,P-001384
C,0045,Via Industria,L3,PL-001385,,100,LED,45.4021,9.12458,P-001385
C,0045,Via Industria,L1,PL-001386,,100,MH,45.40222,9.12458,P-001386
C,0045,Via Industria,L2,PL-001387,,250,MH,45.40234,9.12466,P-001387
C,0045,Via Industria,L3,PL-001388,,100,SAP,45.40246,9.12413,P-001388
C,0045,Via Industria,L1,PL-001389,,150,MH,45.40258,9.1242,P-001389
C,0045,Via Industria,L2,PL-001390,,100,SAP,45.4027,9.12471,P-001390
C,0045,Via Industria,L3,PL-001391,,150,LED,45.40282,9.12469,P-001391
C,0045,Via Industria,L1,PL-001392,,100,SAP,45.40294,9.12416,P-001392
C,0045,Via Industria,L2,PL-001393,,100,SAP,45.40306,9.1247,P-001393
C,0045,Via Industria,L3,PL-001394,,250,MH,45.40318,9.12445,P-001394
C,0045,Via Industria,L1,PL-001395,,150,SAP,45.4033,9.12467,P-001395
C,0045,Via Industria,L2,PL-001396,,100,SAP,45.40342,9.12466,P-001396
C,0045,Via Industria,L3,PL-001397,,250,SAP,45.40354,9.12434,P-001397
C,0045,Via Industria,L1,PL-001398,,150,MH,45.40366,9.12478,P-001398
C,0045,Via Industria,L2,PL-001399,,100,SAP,45.40378,9.1242,P-001399
C,0045,Via Industria,L3,PL-001400,,100,SAP,45.4039,9.12442,P-001400
C,0045,Via Industria,L1,PL-001401,,250,MH,45.40402,9.1243,P-001401
C,0045,Via Industria,L2,PL-001402,,100,SAP,45.40414,9.12427,P-001402
C,0045,Via Industria,L3,PL-001403,,100,SAP,45.40426,9.1247,P-001403
C,0045,Via Industria,L1,PL-001404,,150,SAP,45.40438,9.1246,P-001404
C,0045,Via Industria,L2,PL-001405,,250,MH,45.4045,9.12478,P-001405
C,0045,Via Industria,L3,PL-001406,,100,SAP,45.40462,9.12436,P-001406
C,0045,Via Industria,L1,PL-001407,,150,SAP,45.40474,9.1242,P-001407
C,0045,Via Industria,L2,PL-001408,,100,SAP,45.40486,9.1244,P-001408
C,0045,Via Industria,L3,PL-001409,,250,LED,45.40498,9.1242,P-001409
C,0045,Via Industria,L1,PL-001410,,150,SAP,45.4051,9.12427,P-001410
C,0045,Via Industria,L2,PL-001411,,100,SAP,45.40522,9.12465,P-001411
C,0045,Via Industria,L3,PL-001412,,150,MH,45.40534,9.12439,P-001412
C,0045,Via Industria,L1,PL-001413,,150,MH,45.40546,9.12441,P-001413
C,0045,Via Industria,L2,PL-001414,,250,SAP,45.40558,9.1248,P-001414
C,0045,Via Industria,L3,PL-001415,,100,SAP,45.4057,9.12439,P-001415
C,0045,Via Industria,L1,PL-001416,,100,SAP,45.40582,9.12451,P-001416
C,0045,Via Industria,L2,PL-001417,,100,SAP,45.40594,9.12416,P-001417
C,0045,Via Industria,L3,PL-001418,,100,SAP,45.40606,9.12421,P-001418
C,0045,Via Industria,L1,PL-001419,,100,SAP,45.40618,9.12458,P-001419
C,0045,Via Industria,L2,PL-001420,,100,SAP,45.4063,9.12461,P-001420
C,0045,Via Industria,L3,PL-001421,,100,SAP,45.40642,9.1244,P-001421
C,0045,Via Industria,L1,PL-001422,,100,LED,45.40654,9.12444,P-001422
C,0045,Via Industria,L2,PL-001423,,150,MH,45.40666,9.1243,P-001423
C,0045,Via Industria,L3,PL-001424,,150,SAP,45.40678,9.12486,P-001424
C,0045,Via Industria,L1,PL-001425,,150,SAP,45.4069,9.12439,P-001425
C,0045,Via Industria,L2,PL-001426,,100,SAP,45.40702,9.12433,P-001426
C,0045,Via Industria,L3,PL-001427,,150,LED,45.40714,9.12418,P-001427
C,0045,Via Industria,L1,PL-001428,,150,SAP,45.40726,9.12423,P-001428
C,0045,Via Industria,L2,PL-001429,,100,SAP,45.40738,9.12472,P-001429
C,0045,Via Industria,L3,PL-001430,,100,MH,45.4075,9.12486,P-001430
C,0045,Via Industria,L1,PL-001431,,100,SAP,45.40762,9.12426,P-001431
C,0045,Via Industria,L2,PL-001432,,150,MH,45.40774,9.12444,P-001432
C,0045,Via Industria,L3,PL-001433,,250,SAP,45.40786,9.12449,P-001433
C,0045,Via Industria,L1,PL-001434,,150,SAP,45.40798,9.12415,P-001434
C,0045,Via Industria,L2,PL-001435,,250,SAP,45.4081,9.12443,P-001435
C,0045,Via Industria,L3,PL-001436,,100,SAP,45.40822,9.12424,P-001436
C,0045,Via Industria,L1,PL-001437,,150,LED,45.40834,9.12441,P-001437
C,0045,Via Industria,L2,PL-001438,,150,SAP,45.40846,9.12478,P-001438
C,0045,Via Industria,L3,PL-001439,,100,SAP,45.40858,9.12472,P-001439
C,0045,Via Industria,L1,PL-001440,,150,MH,45.4087,9.12475,P-001440
C,0045,Via Industria,L2,PL-001441,,100,SAP,45.40882,9.12425,P-001441
C,0045,Via Industria,L3,PL-001442,,150,MH,45.40894,9.12474,P-001442
C,0045,Via Industria,L1,PL-001443,,150,SAP,45.40906,9.12472,P-001443
C,0045,Via Industria,L2,PL-001444,,100,SAP,45.40918,9.12457,P-001444
C,0045,Via Industria,L3,PL-001445,,250,SAP,45.4093,9.12479,P-001445
C,0045,Via Industria,L1,PL-001446,,100,SAP,45.40942,9.12443,P-001446
C,0045,Via Industria,L2,PL-001447,,100,SAP,45.40954,9.12413,P-001447
C,0045,Via Industria,L3,PL-001448,,100,SAP,45.40966,9.12434,P-001448
C,0045,Via Industria,L1,PL-001449,,150,LED,45.40978,9.12491,P-001449
C,0045,Via Industria,L2,PL-001450,,150,SAP,45.4099,9.12484,P-001450
C,0045,Via Industria,L3,PL-001451,,250,MH,45.41002,9.12441,P-001451
C,0045,Via Industria,L1,PL-001452,,100,SAP,45.41014,9.12423,P-001452
C,0045,Via Industria,L2,PL-001453,,150,MH,45.41026,9.12433,P-001453
C,0045,Via Industria,L3,PL-001454,,150,LED,45.41038,9.12487,P-001454
C,0045,Via Industria,L1,PL-001455,,100,SAP,45.4105,9.1248,P-001455
C,0045,Via Industria,L2,PL-001456,,100,LED,45.41062,9.12458,P-001456
C,0045,Via Industria,L3,PL-001457,,150,LED,45.41074,9.12421,P-001457
C,0045,Via Industria,L1,PL-001458,,100,SAP,45.41086,9.12475,P-001458
C,0045,Via Industria,L2,PL-001459,,250,MH,45.41098,9.12418,P-001459
C,0045,Via Industria,L3,PL-001460,,150,SAP,45.4111,9.12429,P-001460
C,0045,Via Industria,L1,PL-001461,,150,MH,45.41122,9.12479,P-001461
C,0045,Via Industria,L2,PL-001462,,100,SAP,45.41134,9.12442,P-001462
C,0045,Via Industria,L3,PL-001463,,100,LED,45.41146,9.12434,P-001463
C,0045,Via Industria,L1,PL-001464,,150,LED,45.41158,9.12461,P-001464
C,0045,Via Industria,L2,PL-001465,,100,MH,45.4117,9.12449,P-001465
C,0045,Via Industria,L3,PL-001466,,150,MH,45.41182,9.12417,P-001466
C,0045,Via Industria,L1,PL-001467,,100,SAP,45.41194,9.12447,P-001467
C,0045,Via Industria,L2,PL-001468,,150,MH,45.41206,9.1242,P-001468
C,0045,Via Industria,L3,PL-001469,,250,LED,45.41218,9.1242,P-001469
C,0045,Via Industria,L1,PL-001470,,100,SAP,45.4123,9.12461,P-001470
C,0045,Via Industria,L2,PL-001471,,250,MH,45.41242,9.12419,P-001471
C,0045,Via Industria,L3,PL-001472,,100,LED,45.41254,9.12429,P-001472
C,0045,Via Industria,L1,PL-001473,,250,SAP,45.41266,9.12452,P-001473
C,0045,Via Industria,L2,PL-001474,,100,SAP,45.41278,9.1248,P-001474
C,0045,Via Industria,L3,PL-001475,,100,SAP,45.4129,9.12489,P-001475
C,0045,Via Industria,L1,PL-001476,,250,SAP,45.41302,9.12475,P-001476
C,0045,Via Industria,L2,PL-001477,,100,SAP,45.41314,9.12426,P-001477
C,0045,Via Industria,L3,PL-001478,,150,SAP,45.41326,9.1243,P-001478
C,0045,Via Industria,L1,PL-001479,,250,SAP,45.41338,9.1244,P-001479
C,0045,Via Industria,L2,PL-001480,,100,MH,45.4135,9.12465,P-001480
C,0045,Via Industria,L3,PL-001481,,150,SAP,45.41362,9.1243,P-001481
C,0045,Via Industria,L1,PL-001482,,100,LED,45.41374,9.12451,P-001482
C,0045,Via Industria,L2,PL-001483,,250,SAP,45.41386,9.12493,P-001483
C,0045,Via Industria,L3,PL-001484,,250,LED,45.41398,9.1248,P-001484
C,0045,Via Industria,L1,PL-001485,,100,SAP,45.4141,9.12491,P-001485
C,0045,Via Industria,L2,PL-001486,,150,SAP,45.41422,9.12426,P-001486
C,0045,Via Industria,L3,PL-001487,,100,SAP,45.41434,9.12478,P-001487
C,0045,Via Industria,L1,PL-001488,,100,SAP,45.41446,9.12433,P-001488
C,0045,Via Industria,L2,PL-001489,,100,SAP,45.41458,9.12461,P-001489
C,0045,Via Industria,L3,PL-001490,,150,SAP,45.4147,9.12438,P-001490
C,0046,Via Cavour,L1,PL-001491,,250,LED,45.41342,9.12749,P-001491
C,0046,Via Cavour,L2,PL-001492,,150,SAP,45.41354,9.12737,P-001492
C,0046,Via Cavour,L3,PL-001493,,250,LED,45.41366,9.12715,P-001493
C,0046,Via Cavour,L1,PL-001494,,250,LED,45.41378,9.12734,P-001494
C,0046,Via Cavour,L2,PL-001495,,150,MH,45.4139,9.1275,P-001495
C,0046,Via Cavour,L3,PL-001496,,100,SAP,45.41402,9.12683,P-001496
C,0046,Via Cavour,L1,PL-001497,,250,MH,45.41414,9.12741,P-001497
C,0046,Via Cavour,L2,PL-001498,,250,SAP,45.41426,9.12718,P-001498
C,0046,Via Cavour,L3,PL-001499,,100,SAP,45.41438,9.12701,P-001499
C,0046,Via Cavour,L1,PL-001500,,150,LED,45.4145,9.12745,P-001500
C,0046,Via Cavour,L2,PL-001501,,150,SAP,45.41462,9.12701,P-001501
C,0046,Via Cavour,L3,PL-001502,,100,MH,45.41474,9.12699,P-001502
C,0046,Via Cavour,L1,PL-001503,,250,SAP,45.41486,9.12684,P-001503
C,0046,Via Cavour,L2,PL-001504,,100,SAP,45.41498,9.12726,P-001504
C,0046,Via Cavour,L3,PL-001505,,150,MH,45.4151,9.12752,P-001505
C,0046,Via Cavour,L1,PL-001506,,150,SAP,45.41522,9.12732,P-001506
C,0046,Via Cavour,L2,PL-001507,,250,LED,45.41534,9.12735,P-001507
C,0046,Via Cavour,L3,PL-001508,,100,SAP,45.41546,9.12689,P-001508
C,0046,Via Cavour,L1,PL-001509,,250,MH,45.41558,9.12704,P-001509
C,0046,Via Cavour,L2,PL-001510,,150,SAP,45.4157,9.12688,P-001510
C,0046,Via Cavour,L3,PL-001511,,250,SAP,45.41582,9.12701,P-001511
C,0046,Via Cavour,L1,PL-001512,,150,SAP,45.41594,9.12717,P-001512
C,0046,Via Cavour,L2,PL-001513,,100,SAP,45.41606,9.12726,P-001513
C,0046,Via Cavour,L3,PL-001514,,150,SAP,45.41618,9.12738,P-001514
C,0046,Via Cavour,L1,PL-001515,,100,MH,45.4163,9.12686,P-001515
C,0046,Via Cavour,L2,PL-001516,,250,SAP,45.41642,9.12729,P-001516
C,0046,Via Cavour,L3,PL-001517,,150,SAP,45.41654,9.12692,P-001517
C,0046,Via Cavour,L1,PL-001518,,150,SAP,45.41666,9.12684,P-001518
C,0046,Via Cavour,L2,PL-001519,,250,LED,45.41678,9.12684,P-001519
C,0046,Via Cavour,L3,PL-001520,,100,SAP,45.4169,9.12754,P-001520
C,0046,Via Cavour,L1,PL-001521,,100,MH,45.41702,9.12728,P-001521
C,0046,Via Cavour,L2,PL-001522,,150,SAP,45.41714,9.12753,P-001522
C,0046,Via Cavour,L3,PL-001523,,150,SAP,45.41726,9.12732,P-001523
C,0046,Via Cavour,L1,PL-001524,,150,MH,45.41738,9.12709,P-001524
C,0046,Via Cavour,L2,PL-001525,,150,SAP,45.4175,9.12683,P-001525
C,0046,Via Cavour,L3,PL-001526,,250,MH,45.41762,9.12744,P-001526
C,0046,Via Cavour,L1,PL-001527,,250,SAP,45.41774,9.12715,P-001527
C,0046,Via Cavour,L2,PL-001528,,250,LED,45.41786,9.12735,P-001528
C,0046,Via Cavour,L3,PL-001529,,100,SAP,45.41798,9.12715,P-001529
C,0046,Via Cavour,L1,PL-001530,,150,SAP,45.4181,9.12695,P-001530
C,0046,Via Cavour,L2,PL-001531,,250,SAP,45.41822,9.12736,P-001531
C,0046,Via Cavour,L3,PL-001532,,100,SAP,45.41834,9.12736,P-001532
C,0046,Via Cavour,L1,PL-001533,,150,SAP,45.41846,9.12691,P-001533
C,0046,Via Cavour,L2,PL-001534,,250,MH,45.41858,9.12747,P-001534
C,0046,Via Cavour,L3,PL-001535,,250,LED,45.4187,9.1272,P-001535
C,0046,Via Cavour,L1,PL-001536,,150,SAP,45.41882,9.12687,P-001536
C,0046,Via Cavour,L2,PL-001537,,100,SAP,45.41894,9.12708,P-001537
C,0046,Via Cavour,L3,PL-001538,,150,SAP,45.41906,9.12717,P-001538
C,0046,Via Cavour,L1,PL-001539,,250,SAP,45.41918,9.12733,P-001539
C,0046,Via Cavour,L2,PL-001540,,250,MH,45.4193,9.12689,P-001540
C,0046,Via Cavour,L3,PL-001541,,150,SAP,45.41942,9.12723,P-001541
C,0046,Via Cavour,L1,PL-001542,,250,LED,45.41954,9.12676,P-001542
C,0046,Via Cavour,L2,PL-001543,,150,LED,45.41966,9.12754,P-001543
C,0046,Via Cavour,L3,PL-001544,,150,LED,45.41978,9.12749,P-001544
C,0046,Via Cavour,L1,PL-001545,,100,SAP,45.4199,9.12684,P-001545
C,0046,Via Cavour,L2,PL-001546,,100,LED,45.42002,9.12704,P-001546
C,0046,Via Cavour,L3,PL-001547,,250,SAP,45.42014,9.12712,P-001547
C,0046,Via Cavour,L1,PL-001548,,250,LED,45.42026,9.12691,P-001548
C,0046,Via Cavour,L2,PL-001549,,250,MH,45.42038,9.12706,P-001549
C,0046,Via Cavour,L3,PL-001550,,250,SAP,45.4205,9.12689,P-001550
C,0046,Via Cavour,L1,PL-001551,,100,SAP,45.42062,9.12695,P-001551
C,0046,Via Cavour,L2,PL-001552,,100,LED,45.42074,9.12755,P-001552
C,0046,Via Cavour,L3,PL-001553,,150,SAP,45.42086,9.12731,P-001553
C,0046,Via Cavour,L1,PL-001554,,150,LED,45.42098,9.12702,P-001554
C,0046,Via Cavour,L2,PL-001555,,100,MH,45.4211,9.12693,P-001555
C,0046,Via Cavour,L3,PL-001556,,150,LED,45.42122,9.12732,P-001556
C,0046,Via Cavour,L1,PL-001557,,100,SAP,45.42134,9.12696,P-001557
C,0046,Via Cavour,L2,PL-001558,,250,SAP,45.42146,9.12707,P-001558
C,0046,Via Cavour,L3,PL-001559,,250,SAP,45.42158,9.12691,P-001559
C,0046,Via Cavour,L1,PL-001560,,150,SAP,45.4217,9.12712,P-001560
C,0046,Via Cavour,L2,PL-001561,,100,SAP,45.42182,9.12753,P-001561
C,0046,Via Cavour,L3,PL-001562,,250,SAP,45.42194,9.12713,P-001562
C,0046,Via Cavour,L1,PL-001563,,250,SAP,45.42206,9.12689,P-001563
C,0046,Via Cavour,L2,PL-001564,,250,LED,45.42218,9.12734,P-001564
C,0046,Via Cavour,L3,PL-001565,,250,SAP,45.4223,9.12678,P-001565
C,0046,Via Cavour,L1,PL-001566,,150,SAP,45.42242,9.12721,P-001566
C,0046,Via Cavour,L2,PL-001567,,150,MH,45.42254,9.12698,P-001567
C,0046,Via Cavour,L3,PL-001568,,250,SAP,45.42266,9.1271,P-001568
C,0046,Via Cavour,L1,PL-001569,,250,SAP,45.42278,9.12705,P-001569
C,0046,Via Cavour,L2,PL-001570,,100,SAP,45.4229,9.12747,P-001570
C,0046,Via Cavour,L3,PL-001571,,250,SAP,45.42302,9.12683,P-001571
C,0046,Via Cavour,L1,PL-001572,,100,SAP,45.42314,9.12754,P-001572
C,0046,Via Cavour,L2,PL-001573,,150,SAP,45.42326,9.1268,P-001573
C,0046,Via Cavour,L3,PL-001574,,100,SAP,45.42338,9.12746,P-001574
C,0046,Via Cavour,L1,PL-001575,,150,SAP,45.4235,9.12689,P-001575
C,0046,Via Cavour,L2,PL-001576,,250,SAP,45.42362,9.1273,P-001576
C,0046,Via Cavour,L3,PL-001577,,100,SAP,45.42374,9.12683,P-001577
C,0046,Via Cavour,L1,PL-001578,,150,MH,45.42386,9.12755,P-001578
C,0046,Via Cavour,L2,PL-001579,,250,MH,45.42398,9.12715,P-001579
C,0046,Via Cavour,L3,PL-001580,,250,SAP,45.4241,9.12754,P-001580
C,0046,Via Cavour,L1,PL-001581,,150,SAP,45.42422,9.12676,P-001581
C,0046,Via Cavour,L2,PL-001582,,250,LED,45.42434,9.12724,P-001582
C,0046,Via Cavour,L3,PL-001583,,150,SAP,45.42446,9.12693,P-001583
C,0046,Via Cavour,L1,PL-001584,,150,SAP,45.42458,9.12688,P-001584
C,0046,Via Cavour,L2,PL-001585,,100,SAP,45.4247,9.12698,P-001585
C,0046,Via Cavour,L3,PL-001586,,150,SAP,45.42482,9.12737,P-001586
C,0046,Via Cavour,L1,PL-001587,,250,SAP,45.42494,9.12729,P-001587
C,0046,Via Cavour,L2,PL-001588,,100,SAP,45.42506,9.12691,P-001588
C,0046,Via Cavour,L3,PL-001589,,150,LED,45.42518,9.12715,P-001589
C,0046,Via Cavour,L1,PL-001590,,150,SAP,45.4253,9.1273,P-001590
C,0046,Via Cavour,L2,PL-001591,,150,LED,45.42542,9.12728,P-001591
C,0046,Via Cavour,L3,PL-001592,,150,LED,45.42554,9.12751,P-001592
C,0046,Via Cavour,L1,PL-001593,,250,MH,45.42566,9.12739,P-001593
C,0046,Via Cavour,L2,PL-001594,,150,LED,45.42578,9.12693,P-001594
C,0046,Via Cavour,L3,PL-001595,,150,MH,45.4259,9.12713,P-001595
C,0046,Via Cavour,L1,PL-001596,,250,SAP,45.42602,9.12691,P-001596
C,0046,Via Cavour,L2,PL-001597,,100,SAP,45.42614,9.12721,P-001597
C,0046,Via Cavour,L3,PL-001598,,250,LED,45.42626,9.12693,P-001598
C,0046,Via Cavour,L1,PL-001599,,150,SAP,45.42638,9.12729,P-001599
C,0046,Via Cavour,L2,PL-001600,,150,LED,45.4265,9.12715,P-001600
C,0046,Via Cavour,L3,PL-001601,,100,MH,45.42662,9.12721,P-001601
C,0046,Via Cavour,L1,PL-001602,,100,SAP,45.42674,9.12684,P-001602
C,0046,Via Cavour,L2,PL-001603,,150,SAP,45.42686,9.12689,P-001603
C,0046,Via Cavour,L3,PL-001604,,250,SAP,45.42698,9.12729,P-001604
C,0046,Via Cavour,L1,PL-001605,,250,LED,45.4271,9.12703,P-001605
C,0046,Via Cavour,L2,PL-001606,,150,SAP,45.42722,9.12707,P-001606
C,0046,Via Cavour,L3,PL-001607,,100,SAP,45.42734,9.12684,P-001607
C,0046,Via Cavour,L1,PL-001608,,100,LED,45.42746,9.12752,P-001608
C,0046,Via Cavour,L2,PL-001609,,150,MH,45.42758,9.1268,P-001609
C,0046,Via Cavour,L3,PL-001610,,150,SAP,45.4277,9.12724,P-001610
C,0046,Via Cavour,L1,PL-001611,,100,SAP,45.42782,9.12732,P-001611
C,0046,Via Cavour,L2,PL-001612,,250,SAP,45.42794,9.12716,P-001612
C,0046,Via Cavour,L3,PL-001613,,150,SAP,45.42806,9.12741,P-001613
C,0046,Via Cavour,L1,PL-001614,,150,MH,45.42818,9.12686,P-001614
C,0046,Via Cavour,L2,PL-001615,,250,SAP,45.4283,9.12728,P-001615
C,0046,Via Cavour,L3,PL-001616,,100,MH,45.42842,9.12708,P-001616
C,0046,Via Cavour,L1,PL-001617,,100,SAP,45.42854,9.12696,P-001617
C,0046,Via Cavour,L2,PL-001618,,150,SAP,45.42866,9.12742,P-001618
C,0046,Via Cavour,L3,PL-001619,,250,SAP,45.42878,9.12729,P-001619
C,0046,Via Cavour,L1,PL-001620,,150,MH,45.4289,9.12706,P-001620
C,0046,Via Cavour,L2,PL-001621,,100,MH,45.42902,9.12681,P-001621
C,0046,Via Cavour,L3,PL-001622,,250,SAP,45.42914,9.12704,P-001622
C,0046,Via Cavour,L1,PL-001623,,100,SAP,45.42926,9.12676,P-001623
C,0046,Via Cavour,L2,PL-001624,,250,MH,45.42938,9.1272,P-001624
C,0046,Via Cavour,L3,PL-001625,,250,LED,45.4295,9.12689,P-001625
C,0047,Viale dei Platani,L1,PL-001626,,100,MH,45.42817,9.10478,P-001626
C,0047,Viale dei Platani,L2,PL-001627,,150,MH,45.42829,9.10408,P-001627
C,0047,Viale dei Platani,L3,PL-001628,,250,SAP,45.42841,9.10417,P-001628
C,0047,Viale dei Platani,L1,PL-001629,,100,SAP,45.42853,9.10458,P-001629
C,0047,Viale dei Platani,L2,PL-001630,,250,SAP,45.42865,9.10426,P-001630
C,0047,Viale dei Platani,L3,PL-001631,,250,LED,45.42877,9.10465,P-001631
C,0047,Viale dei Platani,L1,PL-001632,,100,SAP,45.42889,9.10421,P-001632
C,0047,Viale dei Platani,L2,PL-001633,,100,SAP,45.42901,9.1046,P-001633
C,0047,Viale dei Platani,L3,PL-001634,,150,SAP,45.42913,9.10413,P-001634
C,0047,Viale dei Platani,L1,PL-001635,,250,LED,45.42925,9.10466,P-001635
C,0047,Viale dei Platani,L2,PL-001636,,150,SAP,45.42937,9.10486,P-001636
C,0047,Viale dei Platani,L3,PL-001637,,100,LED,45.42949,9.10423,P-001637
C,0047,Viale dei Platani,L1,PL-001638,,100,MH,45.42961,9.10409,P-001638
C,0047,Viale dei Platani,L2,PL-001639,,250,LED,45.42973,9.10427,P-001639
C,0047,Viale dei Platani,L3,PL-001640,,250,MH,45.42985,9.10443,P-001640
C,0047,Viale dei Platani,L1,PL-001641,,100,LED,45.42997,9.10468,P-001641
C,0047,Viale dei Platani,L2,PL-001642,,150,LED,45.43009,9.1043,P-001642
C,0047,Viale dei Platani,L3,PL-001643,,250,MH,45.43021,9.10429,P-001643
C,0047,Viale dei Platani,L1,PL-001644,,150,SAP,45.43033,9.10461,P-001644
C,0047,Viale dei Platani,L2,PL-001645,,150,SAP,45.43045,9.10453,P-001645
C,0047,Viale dei Platani,L3,PL-001646,,100,SAP,45.43057,9.1043,P-001646
C,0047,Viale dei Platani,L1,PL-001647,,100,LED,45.43069,9.10442,P-001647
C,0047,Viale dei Platani,L2,PL-001648,,150,LED,45.43081,9.10445,P-001648
C,0047,Viale dei Platani,L3,PL-001649,,100,MH,45.43093,9.10414,P-001649
C,0047,Viale dei Platani,L1,PL-001650,,100,MH,45.43105,9.10445,P-001650
C,0047,Viale dei Platani,L2,PL-001651,,250,LED,45.43117,9.10466,P-001651
C,0047,Viale dei Platani,L3,PL-001652,,250,SAP,45.43129,9.10408,P-001652
C,0047,Viale dei Platani,L1,PL-001653,,100,LED,45.43141,9.10459,P-001653
C,0047,Viale dei Platani,L2,PL-001654,,250,MH,45.43153,9.10435,P-001654
C,0047,Viale dei Platani,L3,PL-001655,,100,SAP,45.43165,9.10485,P-001655
C,0047,Viale dei Platani,L1,PL-001656,,100,LED,45.43177,9.10472,P-001656
C,0047,Viale dei Platani,L2,PL-001657,,100,LED,45.43189,9.10451,P-001657
C,0047,Viale dei Platani,L3,PL-001658,,100,LED,45.43201,9.10466,P-001658
C,0047,Viale dei Platani,L1,PL-001659,,150,SAP,45.43213,9.10464,P-001659
C,0047,Viale dei Platani,L2,PL-001660,,100,MH,45.43225,9.10426,P-001660
C,0047,Viale dei Platani,L3,PL-001661,,250,SAP,45.43237,9.10484,P-001661
C,0047,Viale dei Platani,L1,PL-001662,,150,SAP,45.43249,9.10445,P-001662
C,0047,Viale dei Platani,L2,PL-001663,,250,SAP,45.43261,9.10428,P-001663
C,0047,Viale dei Platani,L3,PL-001664,,150,LED,45.43273,9.10453,P-001664
C,0047,Viale dei Platani,L1,PL-001665,,250,SAP,45.43285,9.10439,P-001665
C,0047,Viale dei Platani,L2,PL-001666,,150,SAP,45.43297,9.10409,P-001666
C,0047,Viale dei Platani,L3,PL-001667,,100,SAP,45.43309,9.10484,P-001667
C,0047,Viale dei Platani,L1,PL-001668,,100,SAP,45.43321,9.10486,P-001668
C,0047,Viale dei Platani,L2,PL-001669,,150,MH,45.43333,9.10408,P-001669
C,0047,Viale dei Platani,L3,PL-001670,,250,LED,45.43345,9.10432,P-001670
C,0047,Viale dei Platani,L1,PL-001671,,100,MH,45.43357,9.10479,P-001671
C,0047,Viale dei Platani,L2,PL-001672,,150,LED,45.43369,9.10439,P-001672
C,0047,Viale dei Platani,L3,PL-001673,,250,SAP,45.43381,9.10435,P-001673
C,0047,Viale dei Platani,L1,PL-001674,,250,SAP,45.43393,9.10453,P-001674
C,0047,Viale dei Platani,L2,PL-001675,,100,LED,45.43405,9.1048,P-001675
C,0047,Viale dei Platani,L3,PL-001676,,250,SAP,45.43417,9.10412,P-001676
C,0047,Viale dei Platani,L1,PL-001677,,100,SAP,45.43429,9.10481,P-001677
C,0047,Viale dei Platani,L2,PL-001678,,250,SAP,45.43441,9.1044,P-001678
C,0047,Viale dei Platani,L3,PL-001679,,250,SAP,45.43453,9.10414,P-001679
C,0047,Viale dei Platani,L1,PL-001680,,100,SAP,45.43465,9.10425,P-001680
C,0047,Viale dei Platani,L2,PL-001681,,150,SAP,45.43477,9.1043,P-001681
C,0047,Viale dei Platani,L3,PL-001682,,100,SAP,45.43489,9.10453,P-001682
C,0047,Viale dei Platani,L1,PL-001683,,150,SAP,45.43501,9.10433,P-001683
C,0047,Viale dei Platani,L2,PL-001684,,150,SAP,45.43513,9.10464,P-001684
C,0047,Viale dei Platani,L3,PL-001685,,150,SAP,45.43525,9.1046,P-001685
C,0047,Viale dei Platani,L1,PL-001686,,150,SAP,45.43537,9.1048,P-001686
C,0047,Viale dei Platani,L2,PL-001687,,100,SAP,45.43549,9.10428,P-001687
C,0047,Viale dei Platani,L3,PL-001688,,250,SAP,45.43561,9.10459,P-001688
C,0047,Viale dei Platani,L1,PL-001689,,150,SAP,45.43573,9.10431,P-001689
C,0047,Viale dei Platani,L2,PL-001690,,150,LED,45.43585,9.10472,P-001690
C,0047,Viale dei Platani,L3,PL-001691,,150,SAP,45.43597,9.10467,P-001691
C,0047,Viale dei Platani,L1,PL-001692,,100,SAP,45.43609,9.10461,P-001692
C,0047,Viale dei Platani,L2,PL-001693,,150,SAP,45.43621,9.1048,P-001693
C,0047,Viale dei Platani,L3,PL-001694,,100,MH,45.43633,9.10414,P-001694
C,0047,Viale dei Platani,L1,PL-001695,,250,SAP,45.43645,9.10409,P-001695
C,0047,Viale dei Platani,L2,PL-001696,,250,SAP,45.43657,9.10415,P-001696
C,0047,Viale dei Platani,L3,PL-001697,,100,LED,45.43669,9.1041,P-001697
C,0047,Viale dei Platani,L1,PL-001698,,250,MH,45.43681,9.10465,P-001698
C,0047,Viale dei Platani,L2,PL-001699,,100,SAP,45.43693,9.10411,P-001699
C,0047,Viale dei Platani,L3,PL-001700,,150,MH,45.43705,9.10408,P-001700
C,0047,Viale dei Platani,L1,PL-001701,,100,SAP,45.43717,9.10481,P-001701
C,0047,Viale dei Platani,L2,PL-001702,,250,SAP,45.43729,9.1047,P-001702
C,0047,Viale dei Platani,L3,PL-001703,,250,LED,45.43741,9.10475,P-001703
C,0047,Viale dei Platani,L1,PL-001704,,100,LED,45.43753,9.10449,P-001704
C,0047,Viale dei Platani,L2,PL-001705,,250,SAP,45.43765,9.10411,P-001705
C,0047,Viale dei Platani,L3,PL-001706,,250,SAP,45.43777,9.10465,P-001706
C,0047,Viale dei Platani,L1,PL-001707,,100,MH,45.43789,9.10455,P-001707
C,0047,Viale dei Platani,L2,PL-001708,,250,SAP,45.43801,9.10455,P-001708
C,0047,Viale dei Platani,L3,PL-001709,,250,SAP,45.43813,9.10457,P-001709
C,0047,Viale dei Platani,L1,PL-001710,,250,MH,45.43825,9.10411,P-001710
C,0047,Viale dei Platani,L2,PL-001711,,100,SAP,45.43837,9.10432,P-001711
C,0047,Viale dei Platani,L3,PL-001712,,150,SAP,45.43849,9.10421,P-001712
C,0047,Viale dei Platani,L1,PL-001713,,250,MH,45.43861,9.10484,P-001713
C,0047,Viale dei Platani,L2,PL-001714,,150,SAP,45.43873,9.10466,P-001714
C,0047,Viale dei Platani,L3,PL-001715,,250,MH,45.43885,9.10474,P-001715
C,0047,Viale dei Platani,L1,PL-001716,,100,SAP,45.43897,9.10453,P-001716
C,0047,Viale dei Platani,L2,PL-001717,,100,SAP,45.43909,9.10484,P-001717
C,0047,Viale dei Platani,L3,PL-001718,,100,SAP,45.43921,9.10453,P-001718
C,0047,Viale dei Platani,L1,PL-001719,,250,SAP,45.43933,9.10433,P-001719
C,0047,Viale dei Platani,L2,PL-001720,,100,SAP,45.43945,9.10428,P-001720
C,0047,Viale dei Platani,L3,PL-001721,,250,SAP,45.43957,9.10407,P-001721
C,0047,Viale dei Platani,L1,PL-001722,,250,LED,45.43969,9.10473,P-001722
C,0047,Viale dei Platani,L2,PL-001723,,100,LED,45.43981,9.10444,P-001723
C,0047,Viale dei Platani,L3,PL-001724,,250,MH,45.43993,9.10434,P-001724
C,0047,Viale dei Platani,L1,PL-001725,,100,SAP,45.44005,9.10485,P-001725
C,0047,Viale dei Platani,L2,PL-001726,,150,LED,45.44017,9.10427,P-001726
C,0047,Viale dei Platani,L3,PL-001727,,100,SAP,45.44029,9.10438,P-001727
C,0047,Viale dei Platani,L1,PL-001728,,150,SAP,45.44041,9.1042,P-001728
C,0047,Viale dei Platani,L2,PL-001729,,150,SAP,45.44053,9.10455,P-001729
C,0047,Viale dei Platani,L3,PL-001730,,250,SAP,45.44065,9.1048,P-001730
C,0047,Viale dei Platani,L1,PL-001731,,150,SAP,45.44077,9.10433,P-001731
C,0047,Viale dei Platani,L2,PL-001732,,250,LED,45.44089,9.10446,P-001732
C,0047,Viale dei Platani,L3,PL-001733,,100,MH,45.44101,9.10425,P-001733
C,0047,Viale dei Platani,L1,PL-001734,,250,SAP,45.44113,9.10418,P-001734
C,0047,Viale dei Platani,L2,PL-001735,,100,SAP,45.44125,9.10423,P-001735
C,0047,Viale dei Platani,L3,PL-001736,,250,SAP,45.44137,9.10441,P-001736
C,0047,Viale dei Platani,L1,PL-001737,,100,MH,45.44149,9.10411,P-001737
C,0047,Viale dei Platani,L2,PL-001738,,250,LED,45.44161,9.10466,P-001738
C,0047,Viale dei Platani,L3,PL-001739,,250,SAP,45.44173,9.10463,P-001739
C,0047,Viale dei Platani,L1,PL-001740,,100,SAP,45.44185,9.10427,P-001740
C,0047,Viale dei Platani,L2,PL-001741,,150,MH,45.44197,9.10414,P-001741
C,0047,Viale dei Platani,L3,PL-001742,,100,SAP,45.44209,9.10422,P-001742
C,0047,Viale dei Platani,L1,PL-001743,,150,SAP,45.44221,9.10433,P-001743
C,0047,Viale dei Platani,L2,PL-001744,,100,SAP,45.44233,9.10418,P-001744
C,0047,Viale dei Platani,L3,PL-001745,,100,SAP,45.44245,9.10475,P-001745
C,0047,Viale dei Platani,L1,PL-001746,,100,SAP,45.44257,9.10423,P-001746
C,0047,Viale dei Platani,L2,PL-001747,,100,MH,45.44269,9.10419,P-001747
C,0047,Viale dei Platani,L3,PL-001748,,150,MH,45.44281,9.10413,P-001748
C,0047,Viale dei Platani,L1,PL-001749,,250,LED,45.44293,9.10418,P-001749
C,0047,Viale dei Platani,L2,PL-001750,,150,SAP,45.44305,9.10484,P-001750
C,0047,Viale dei Platani,L3,PL-001751,,100,SAP,45.44317,9.10442,P-001751
C,0047,Viale dei Platani,L1,PL-001752,,150,SAP,45.44329,9.10427,P-001752
C,0047,Viale dei Platani,L2,PL-001753,,100,MH,45.44341,9.10477,P-001753
C,0047,Viale dei Platani,L3,PL-001754,,250,MH,45.44353,9.10463,P-001754
C,0047,Viale dei Platani,L1,PL-001755,,250,SAP,45.44365,9.10479,P-001755
C,0047,Viale dei Platani,L2,PL-001756,,100,LED,45.44377,9.10408,P-001756
C,0047,Viale dei Platani,L3,PL-001757,,150,SAP,45.44389,9.10464,P-001757
C,0047,Viale dei Platani,L1,PL-001758,,150,SAP,45.44401,9.10486,P-001758
C,0047,Viale dei Platani,L2,PL-001759,,250,LED,45.44413,9.10439,P-001759
C,0047,Viale dei Platani,L3,PL-001760,,150,SAP,45.44425,9.10416,P-001760
C,0048,Via Verdi,L1,PL-001761,,100,MH,45.39639,9.09997,P-001761
C,0048,Via Verdi,L2,PL-001762,,250,SAP,45.39651,9.10005,P-001762
C,0048,Via Verdi,L3,PL-001763,,150,LED,45.39663,9.09957,P-001763
C,0048,Via Verdi,L1,PL-001764,,150,SAP,45.39675,9.09937,P-001764
C,0048,Via Verdi,L2,PL-001765,,150,SAP,45.39687,9.0995,P-001765
C,0048,Via Verdi,L3,PL-001766,,250,SAP,45.39699,9.09989,P-001766
C,0048,Via Verdi,L1,PL-001767,,250,SAP,45.39711,9.09965,P-001767
C,0048,Via Verdi,L2,PL-001768,,100,LED,45.39723,9.09947,P-001768
C,0048,Via Verdi,L3,PL-001769,,150,SAP,45.39735,9.0996,P-001769
C,0048,Via Verdi,L1,PL-001770,,250,SAP,45.39747,9.09992,P-001770
C,0048,Via Verdi,L2,PL-001771,,100,SAP,45.39759,9.10013,P-001771
C,0048,Via Verdi,L3,PL-001772,,250,SAP,45.39771,9.09991,P-001772
C,0048,Via Verdi,L1,PL-001773,,150,SAP,45.39783,9.09953,P-001773
C,0048,Via Verdi,L2,PL-001774,,100,LED,45.39795,9.09987,P-001774
C,0048,Via Verdi,L3,PL-001775,,150,LED,45.39807,9.09942,P-001775
C,0048,Via Verdi,L1,PL-001776,,250,SAP,45.39819,9.09973,P-001776
C,0048,Via Verdi,L2,PL-001777,,150,LED,45.39831,9.0995,P-001777
C,0048,Via Verdi,L3,PL-001778,,100,SAP,45.39843,9.09963,P-001778
C,0048,Via Verdi,L1,PL-001779,,250,SAP,45.39855,9.09975,P-001779
C,0048,Via Verdi,L2,PL-001780,,150,LED,45.39867,9.09968,P-001780
C,0048,Via Verdi,L3,PL-001781,,100,SAP,45.39879,9.09954,P-001781
C,0048,Via Verdi,L1,PL-001782,,150,LED,45.39891,9.09945,P-001782
C,0048,Via Verdi,L2,PL-001783,,150,LED,45.39903,9.09965,P-001783
C,0048,Via Verdi,L3,PL-001784,,100,LED,45.39915,9.09939,P-001784
C,0048,Via Verdi,L1,PL-001785,,100,SAP,45.39927,9.09957,P-001785
C,0048,Via Verdi,L2,PL-001786,,250,SAP,45.39939,9.0995,P-001786
C,0048,Via Verdi,L3,PL-001787,,100,LED,45.39951,9.09952,P-001787
C,0048,Via Verdi,L1,PL-001788,,250,SAP,45.39963,9.09956,P-001788
C,0048,Via Verdi,L2,PL-001789,,100,SAP,45.39975,9.09978,P-001789
C,0048,Via Verdi,L3,PL-001790,,100,SAP,45.39987,9.09936,P-001790
C,0048,Via Verdi,L1,PL-001791,,250,SAP,45.39999,9.10006,P-001791
C,0048,Via Verdi,L2,PL-001792,,100,SAP,45.40011,9.09978,P-001792
C,0048,Via Verdi,L3,PL-001793,,100,LED,45.40023,9.10004,P-001793
C,0048,Via Verdi,L1,PL-001794,,100,SAP,45.40035,9.09989,P-001794
C,0048,Via Verdi,L2,PL-001795,,100,SAP,45.40047,9.09974,P-001795
C,0048,Via Verdi,L3,PL-001796,,100,SAP,45.40059,9.09993,P-001796
C,0048,Via Verdi,L1,PL-001797,,150,LED,45.40071,9.0997,P-001797
C,0048,Via Verdi,L2,PL-001798,,250,SAP,45.40083,9.09999,P-001798
C,0048,Via Verdi,L3,PL-001799,,100,LED,45.40095,9.09966,P-001799
C,0048,Via Verdi,L1,PL-001800,,100,MH,45.40107,9.09976,P-001800
C,0048,Via Verdi,L2,PL-001801,,100,SAP,45.40119,9.09936,P-001801
C,0048,Via Verdi,L3,PL-001802,,250,SAP,45.40131,9.09996,P-001802
C,0048,Via Verdi,L1,PL-001803,,250,SAP,45.40143,9.09995,P-001803
C,0048,Via Verdi,L2,PL-001804,,250,MH,45.40155,9.09944,P-001804
C,0048,Via Verdi,L3,PL-001805,,250,SAP,45.40167,9.09967,P-001805
C,0048,Via Verdi,L1,PL-001806,,150,MH,45.40179,9.09982,P-001806
C,0048,Via Verdi,L2,PL-001807,,250,LED,45.40191,9.0994,P-001807
C,0048,Via Verdi,L3,PL-001808,,100,SAP,45.40203,9.09986,P-001808
C,0048,Via Verdi,L1,PL-001809,,100,SAP,45.40215,9.09981,P-001809
C,0048,Via Verdi,L2,PL-001810,,150,MH,45.40227,9.09991,P-001810
C,0048,Via Verdi,L3,PL-001811,,250,MH,45.40239,9.09978,P-001811
C,0048,Via Verdi,L1,PL-001812,,100,MH,45.40251,9.09939,P-001812
C,0048,Via Verdi,L2,PL-001813,,250,LED,45.40263,9.10012,P-001813
C,0048,Via Verdi,L3,PL-001814,,150,SAP,45.40275,9.09988,P-001814
C,0048,Via Verdi,L1,PL-001815,,150,LED,45.40287,9.10008,P-001815
C,0048,Via Verdi,L2,PL-001816,,150,MH,45.40299,9.1001,P-001816
C,0048,Via Verdi,L3,PL-001817,,150,SAP,45.40311,9.09967,P-001817
C,0048,Via Verdi,L1,PL-001818,,100,MH,45.40323,9.09948,P-001818
C,0048,Via Verdi,L2,PL-001819,,250,MH,45.40335,9.09996,P-001819
C,0048,Via Verdi,L3,PL-001820,,100,LED,45.40347,9.0995,P-001820
C,0048,Via Verdi,L1,PL-001821,,250,MH,45.40359,9.09998,P-001821
C,0048,Via Verdi,L2,PL-001822,,100,LED,45.40371,9.09993,P-001822
C,0048,Via Verdi,L3,PL-001823,,100,LED,45.40383,9.09967,P-001823
C,0048,Via Verdi,L1,PL-001824,,150,LED,45.40395,9.09972,P-001824
C,0048,Via Verdi,L2,PL-001825,,150,SAP,45.40407,9.09936,P-001825
C,0048,Via Verdi,L3,PL-001826,,100,SAP,45.40419,9.09988,P-001826
C,0048,Via Verdi,L1,PL-001827,,150,SAP,45.40431,9.09947,P-001827
C,0048,Via Verdi,L2,PL-001828,,100,SAP,45.40443,9.09946,P-001828
C,0048,Via Verdi,L3,PL-001829,,100,SAP,45.40455,9.09986,P-001829
C,0048,Via Verdi,L1,PL-001830,,150,MH,45.40467,9.09989,P-001830
C,0048,Via Verdi,L2,PL-001831,,250,SAP,45.40479,9.09967,P-001831
C,0048,Via Verdi,L3,PL-001832,,100,SAP,45.40491,9.09957,P-001832
C,0048,Via Verdi,L1,PL-001833,,250,SAP,45.40503,9.0997,P-001833
C,0048,Via Verdi,L2,PL-001834,,150,SAP,45.40515,9.09997,P-001834
C,0048,Via Verdi,L3,PL-001835,,100,SAP,45.40527,9.09976,P-001835
C,0048,Via Verdi,L1,PL-001836,,100,LED,45.40539,9.09943,P-001836
C,0048,Via Verdi,L2,PL-001837,,250,LED,45.40551,9.10012,P-001837
C,0048,Via Verdi,L3,PL-001838,,150,MH,45.40563,9.10007,P-001838
C,0048,Via Verdi,L1,PL-001839,,250,SAP,45.40575,9.09983,P-001839
C,0048,Via Verdi,L2,PL-001840,,150,SAP,45.40587,9.10001,P-001840
C,0048,Via Verdi,L3,PL-001841,,100,MH,45.40599,9.10004,P-001841
C,0048,Via Verdi,L1,PL-001842,,250,SAP,45.40611,9.0999,P-001842
C,0048,Via Verdi,L2,PL-001843,,150,SAP,45.40623,9.10012,P-001843
C,0048,Via Verdi,L3,PL-001844,,250,SAP,45.40635,9.09996,P-001844
C,0048,Via Verdi,L1,PL-001845,,150,SAP,45.40647,9.09975,P-001845
C,0048,Via Verdi,L2,PL-001846,,250,LED,45.40659,9.09981,P-001846
C,0048,Via Verdi,L3,PL-001847,,150,SAP,45.40671,9.09993,P-001847
C,0048,Via Verdi,L1,PL-001848,,100,LED,45.40683,9.09947,P-001848
C,0048,Via Verdi,L2,PL-001849,,250,MH,45.40695,9.10001,P-001849
C,0048,Via Verdi,L3,PL-001850,,100,MH,45.40707,9.09953,P-001850
C,0048,Via Verdi,L1,PL-001851,,150,LED,45.40719,9.09967,P-001851
C,0048,Via Verdi,L2,PL-001852,,100,SAP,45.40731,9.09986,P-001852
C,0048,Via Verdi,L3,PL-001853,,100,MH,45.40743,9.09987,P-001853
C,0048,Via Verdi,L1,PL-001854,,100,SAP,45.40755,9.10001,P-001854
C,0048,Via Verdi,L2,PL-001855,,100,SAP,45.40767,9.09956,P-001855
C,0048,Via Verdi,L3,PL-001856,,150,LED,45.40779,9.09977,P-001856
C,0048,Via Verdi,L1,PL-001857,,250,LED,45.40791,9.09956,P-001857
C,0048,Via Verdi,L2,PL-001858,,150,SAP,45.40803,9.09987,P-001858
C,0048,Via Verdi,L3,PL-001859,,250,LED,45.40815,9.09977,P-001859
C,0048,Via Verdi,L1,PL-001860,,100,MH,45.40827,9.0995,P-001860
C,0048,Via Verdi,L2,PL-001861,,100,LED,45.40839,9.09939,P-001861
C,0048,Via Verdi,L3,PL-001862,,250,MH,45.40851,9.09997,P-001862
C,0048,Via Verdi,L1,PL-001863,,250,MH,45.40863,9.09996,P-001863
C,0048,Via Verdi,L2,PL-001864,,150,SAP,45.40875,9.10015,P-001864
C,0048,Via Verdi,L3,PL-001865,,150,SAP,45.40887,9.09967,P-001865
C,0048,Via Verdi,L1,PL-001866,,150,SAP,45.40899,9.09991,P-001866
C,0048,Via Verdi,L2,PL-001867,,150,LED,45.40911,9.10003,P-001867
C,0048,Via Verdi,L3,PL-001868,,100,SAP,45.40923,9.0996,P-001868
C,0048,Via Verdi,L1,PL-001869,,250,MH,45.40935,9.09959,P-001869
C,0048,Via Verdi,L2,PL-001870,,250,SAP,45.40947,9.09965,P-001870
C,0048,Via Verdi,L3,PL-001871,,250,SAP,45.40959,9.10008,P-001871
C,0048,Via Verdi,L1,PL-001872,,250,SAP,45.40971,9.09984,P-001872
C,0048,Via Verdi,L2,PL-001873,,150,MH,45.40983,9.09972,P-001873
C,0048,Via Verdi,L3,PL-001874,,250,MH,45.40995,9.09936,P-001874
C,0048,Via Verdi,L1,PL-001875,,250,LED,45.41007,9.09994,P-001875
C,0048,Via Verdi,L2,PL-001876,,250,SAP,45.41019,9.09958,P-001876
C,0048,Via Verdi,L3,PL-001877,,100,SAP,45.41031,9.09965,P-001877
C,0048,Via Verdi,L1,PL-001878,,150,SAP,45.41043,9.09939,P-001878
C,0048,Via Verdi,L2,PL-001879,,250,SAP,45.41055,9.10007,P-001879
C,0048,Via Verdi,L3,PL-001880,,100,MH,45.41067,9.09979,P-001880
C,0048,Via Verdi,L1,PL-001881,,100,SAP,45.41079,9.09963,P-001881
C,0048,Via Verdi,L2,PL-001882,,150,MH,45.41091,9.09974,P-001882
C,0048,Via Verdi,L3,PL-001883,,150,SAP,45.41103,9.09978,P-001883
C,0048,Via Verdi,L1,PL-001884,,150,SAP,45.41115,9.09985,P-001884
C,0048,Via Verdi,L2,PL-001885,,100,LED,45.41127,9.09959,P-001885
C,0048,Via Verdi,L3,PL-001886,,250,SAP,45.41139,9.09957,P-001886
C,0048,Via Verdi,L1,PL-001887,,150,SAP,45.41151,9.09949,P-001887
C,0048,Via Verdi,L2,PL-001888,,250,SAP,45.41163,9.09974,P-001888
C,0048,Via Verdi,L3,PL-001889,,100,SAP,45.41175,9.09993,P-001889
C,0048,Via Verdi,L1,PL-001890,,150,SAP,45.41187,9.09965,P-001890
C,0048,Via Verdi,L2,PL-001891,,100,LED,45.41199,9.10011,P-001891
C,0048,Via Verdi,L3,PL-001892,,100,MH,45.41211,9.09953,P-001892
C,0048,Via Verdi,L1,PL-001893,,150,LED,45.41223,9.09999,P-001893
C,0048,Via Verdi,L2,PL-001894,,150,MH,45.41235,9.09958,P-001894
C,0049,Via San Rocco,L1,PL-001895,,250,SAP,45.41902,9.1549,P-001895
C,0049,Via San Rocco,L2,PL-001896,,250,SAP,45.41914,9.15448,P-001896
C,0049,Via San Rocco,L3,PL-001897,,100,MH,45.41926,9.15441,P-001897
C,0049,Via San Rocco,L1,PL-001898,,100,MH,45.41938,9.1542,P-001898
C,0049,Via San Rocco,L2,PL-001899,,250,SAP,45.4195,9.15481,P-001899
C,0049,Via San Rocco,L3,PL-001900,,250,SAP,45.41962,9.15452,P-001900
C,0049,Via San Rocco,L1,PL-001901,,150,SAP,45.41974,9.15442,P-001901
C,0049,Via San Rocco,L2,PL-001902,,250,SAP,45.41986,9.15483,P-001902
C,0049,Via San Rocco,L3,PL-001903,,100,MH,45.41998,9.1547,P-001903
C,0049,Via San Rocco,L1,PL-001904,,150,MH,45.4201,9.1547,P-001904
C,0049,Via San Rocco,L2,PL-001905,,150,SAP,45.42022,9.1549,P-001905
C,0049,Via San Rocco,L3,PL-001906,,100,SAP,45.42034,9.15429,P-001906
C,0049,Via San Rocco,L1,PL-001907,,250,LED,45.42046,9.15476,P-001907
C,0049,Via San Rocco,L2,PL-001908,,100,LED,45.42058,9.15485,P-001908
C,0049,Via San Rocco,L3,PL-001909,,250,MH,45.4207,9.15425,P-001909
C,0049,Via San Rocco,L1,PL-001910,,150,MH,45.42082,9.15418,P-001910
C,0049,Via San Rocco,L2,PL-001911,,150,SAP,45.42094,9.1549,P-001911
C,0049,Via San Rocco,L3,PL-001912,,150,SAP,45.42106,9.15459,P-001912
C,0049,Via San Rocco,L1,PL-001913,,100,SAP,45.42118,9.1548,P-001913
C,0049,Via San Rocco,L2,PL-001914,,250,SAP,45.4213,9.15459,P-001914
C,0049,Via San Rocco,L3,PL-001915,,150,SAP,45.42142,9.15493,P-001915
C,0049,Via San Rocco,L1,PL-001916,,150,SAP,45.42154,9.1548,P-001916
C,0049,Via San Rocco,L2,PL-001917,,150,SAP,45.42166,9.1542,P-001917
C,0049,Via San Rocco,L3,PL-001918,,150,SAP,45.42178,9.15429,P-001918
C,0049,Via San Rocco,L1,PL-001919,,250,MH,45.4219,9.15437,P-001919
C,0049,Via San Rocco,L2,PL-001920,,100,SAP,45.42202,9.15467,P-001920
C,0049,Via San Rocco,L3,PL-001921,,100,SAP,45.42214,9.1547,P-001921
C,0049,Via San Rocco,L1,PL-001922,,150,SAP,45.42226,9.1542,P-001922
C,0049,Via San Rocco,L2,PL-001923,,150,SAP,45.42238,9.15478,P-001923
C,0049,Via San Rocco,L3,PL-001924,,150,SAP,45.4225,9.15483,P-001924
C,0049,Via San Rocco,L1,PL-001925,,100,MH,45.42262,9.15469,P-001925
C,0049,Via San Rocco,L2,PL-001926,,150,MH,45.42274,9.15484,P-001926
C,0049,Via San Rocco,L3,PL-001927,,150,SAP,45.42286,9.15446,P-001927
C,0049,Via San Rocco,L1,PL-001928,,250,LED,45.42298,9.15459,P-001928
C,0049,Via San Rocco,L2,PL-001929,,100,SAP,45.4231,9.1544,P-001929
C,0049,Via San Rocco,L3,PL-001930,,150,SAP,45.42322,9.15458,P-001930
C,0049,Via San Rocco,L1,PL-001931,,100,SAP,45.42334,9.1544,P-001931
C,0049,Via San Rocco,L2,PL-001932,,250,MH,45.42346,9.15462,P-001932
C,0049,Via San Rocco,L3,PL-001933,,100,MH,45.42358,9.15455,P-001933
C,0049,Via San Rocco,L1,PL-001934,,100,SAP,45.4237,9.15474,P-001934
C,0049,Via San Rocco,L2,PL-001935,,250,SAP,45.42382,9.15464,P-001935
C,0049,Via San Rocco,L3,PL-001936,,150,SAP,45.42394,9.15463,P-001936
C,0049,Via San Rocco,L1,PL-001937,,100,MH,45.42406,9.15477,P-001937
C,0049,Via San Rocco,L2,PL-001938,,100,SAP,45.42418,9.15446,P-001938
C,0049,Via San Rocco,L3,PL-001939,,150,MH,45.4243,9.15419,P-001939
C,0049,Via San Rocco,L1,PL-001940,,100,MH,45.42442,9.15437,P-001940
C,0049,Via San Rocco,L2,PL-001941,,100,SAP,45.42454,9.15493,P-001941
C,0049,Via San Rocco,L3,PL-001942,,150,SAP,45.42466,9.15428,P-001942
C,0049,Via San Rocco,L1,PL-001943,,150,SAP,45.42478,9.15469,P-001943
C,0049,Via San Rocco,L2,PL-001944,,150,MH,45.4249,9.1544,P-001944
C,0049,Via San Rocco,L3,PL-001945,,100,SAP,45.42502,9.15478,P-001945
C,0049,Via San Rocco,L1,PL-001946,,100,SAP,45.42514,9.15437,P-001946
C,0049,Via San Rocco,L2,PL-001947,,100,SAP,45.42526,9.15439,P-001947
C,0049,Via San Rocco,L3,PL-001948,,150,MH,45.42538,9.15487,P-001948
C,0049,Via San Rocco,L1,PL-001949,,250,SAP,45.4255,9.15467,P-001949
C,0049,Via San Rocco,L2,PL-001950,,150,SAP,45.42562,9.15482,P-001950
C,0049,Via San Rocco,L3,PL-001951,,150,SAP,45.42574,9.15463,P-001951
C,0049,Via San Rocco,L1,PL-001952,,100,SAP,45.42586,9.15486,P-001952
C,0049,Via San Rocco,L2,PL-001953,,150,LED,45.42598,9.15426,P-001953
C,0049,Via San Rocco,L3,PL-001954,,100,SAP,45.4261,9.1547,P-001954
C,0049,Via San Rocco,L1,PL-001955,,150,MH,45.42622,9.15458,P-001955
C,0049,Via San Rocco,L2,PL-001956,,150,SAP,45.42634,9.15475,P-001956
C,0049,Via San Rocco,L3,PL-001957,,150,SAP,45.42646,9.15452,P-001957
C,0049,Via San Rocco,L1,PL-001958,,100,SAP,45.42658,9.15432,P-001958
C,0049,Via San Rocco,L2,PL-001959,,150,MH,45.4267,9.15472,P-001959
C,0049,Via San Rocco,L3,PL-001960,,100,MH,45.42682,9.15427,P-001960
C,0049,Via San Rocco,L1,PL-001961,,150,SAP,45.42694,9.15485,P-001961
C,0049,Via San Rocco,L2,PL-001962,,100,SAP,45.42706,9.1547,P-001962
C,0049,Via San Rocco,L3,PL-001963,,100,MH,45.42718,9.15436,P-001963
C,0049,Via San Rocco,L1,PL-001964,,250,MH,45.4273,9.15427,P-001964
C,0049,Via San Rocco,L2,PL-001965,,150,SAP,45.42742,9.15439,P-001965
C,0049,Via San Rocco,L3,PL-001966,,250,SAP,45.42754,9.1549,P-001966
C,0049,Via San Rocco,L1,PL-001967,,250,SAP,45.42766,9.15441,P-001967
C,0049,Via San Rocco,L2,PL-001968,,250,SAP,45.42778,9.15423,P-001968
C,0049,Via San Rocco,L3,PL-001969,,150,SAP,45.4279,9.15422,P-001969
C,0049,Via San Rocco,L1,PL-001970,,150,SAP,45.42802,9.15442,P-001970
C,0049,Via San Rocco,L2,PL-001971,,100,SAP,45.42814,9.1546,P-001971
C,0049,Via San Rocco,L3,PL-001972,,250,SAP,45.42826,9.1547,P-001972
C,0049,Via San Rocco,L1,PL-001973,,100,SAP,45.42838,9.15452,P-001973
C,0049,Via San Rocco,L2,PL-001974,,250,SAP,45.4285,9.15446,P-001974
C,0049,Via San Rocco,L3,PL-001975,,250,MH,45.42862,9.15428,P-001975
C,0049,Via San Rocco,L1,PL-001976,,100,SAP,45.42874,9.15459,P-001976
C,0049,Via San Rocco,L2,PL-001977,,150,LED,45.42886,9.15481,P-001977
C,0049,Via San Rocco,L3,PL-001978,,150,SAP,45.42898,9.15436,P-001978
C,0049,Via San Rocco,L1,PL-001979,,100,LED,45.4291,9.15461,P-001979
C,0049,Via San Rocco,L2,PL-001980,,150,SAP,45.42922,9.15418,P-001980
C,0049,Via San Rocco,L3,PL-001981,,250,SAP,45.42934,9.15435,P-001981
C,0049,Via San Rocco,L1,PL-001982,,250,SAP,45.42946,9.15457,P-001982
C,0049,Via San Rocco,L2,PL-001983,,150,SAP,45.42958,9.15443,P-001983
C,0049,Via San Rocco,L3,PL-001984,,250,LED,45.4297,9.15476,P-001984
C,0049,Via San Rocco,L1,PL-001985,,100,MH,45.42982,9.15482,P-001985
C,0049,Via San Rocco,L2,PL-001986,,250,MH,45.42994,9.15437,P-001986
C,0049,Via San Rocco,L3,PL-001987,,250,SAP,45.43006,9.15419,P-001987
C,0049,Via San Rocco,L1,PL-001988,,250,SAP,45.43018,9.15469,P-001988
C,0049,Via San Rocco,L2,PL-001989,,150,SAP,45.4303,9.15425,P-001989
C,0049,Via San Rocco,L3,PL-001990,,150,LED,45.43042,9.15419,P-001990
C,0049,Via San Rocco,L1,PL-001991,,250,SAP,45.43054,9.15453,P-001991
C,0049,Via San Rocco,L2,PL-001992,,150,SAP,45.43066,9.15488,P-001992
C,0049,Via San Rocco,L3,PL-001993,,250,MH,45.43078,9.1547,P-001993
C,0049,Via San Rocco,L1,PL-001994,,150,MH,45.4309,9.15492,P-001994
C,0049,Via San Rocco,L2,PL-001995,,150,SAP,45.43102,9.15497,P-001995
C,0049,Via San Rocco,L3,PL-001996,,100,SAP,45.43114,9.15491,P-001996
C,0049,Via San Rocco,L1,PL-001997,,150,SAP,45.43126,9.1549,P-001997
C,0049,Via San Rocco,L2,PL-001998,,250,LED,45.43138,9.1542,P-001998
C,0049,Via San Rocco,L3,PL-001999,,250,SAP,45.4315,9.15439,P-001999
C,0049,Via San Rocco,L1,PL-002000,,150,SAP,45.43162,9.15459,P-002000
C,0049,Via San Rocco,L2,PL-002001,,150,SAP,45.43174,9.1545,P-002001
C,0049,Via San Rocco,L3,PL-002002,,100,LED,45.43186,9.15484,P-002002
C,0049,Via San Rocco,L1,PL-002003,,100,LED,45.43198,9.15426,P-002003
C,0049,Via San Rocco,L2,PL-002004,,250,MH,45.4321,9.15492,P-002004
C,0049,Via San Rocco,L3,PL-002005,,250,LED,45.43222,9.15426,P-002005
C,0049,Via San Rocco,L1,PL-002006,,150,SAP,45.43234,9.15435,P-002006
C,0049,Via San Rocco,L2,PL-002007,,150,SAP,45.43246,9.15471,P-002007
C,0049,Via San Rocco,L3,PL-002008,,150,SAP,45.43258,9.15469,P-002008
C,0049,Via San Rocco,L1,PL-002009,,250,MH,45.4327,9.15427,P-002009
C,0049,Via San Rocco,L2,PL-002010,,150,SAP,45.43282,9.15468,P-002010
C,0049,Via San Rocco,L3,PL-002011,,100,SAP,45.43294,9.15476,P-002011
C,0049,Via San Rocco,L1,PL-002012,,150,LED,45.43306,9.15428,P-002012
C,0049,Via San Rocco,L2,PL-002013,,100,SAP,45.43318,9.15437,P-002013
C,0049,Via San Rocco,L3,PL-002014,,150,SAP,45.4333,9.1545,P-002014
C,0049,Via San Rocco,L1,PL-002015,,150,SAP,45.43342,9.15457,P-002015
C,0049,Via San Rocco,L2,PL-002016,,250,SAP,45.43354,9.15488,P-002016
C,0049,Via San Rocco,L3,PL-002017,,150,MH,45.43366,9.15475,P-002017
C,0049,Via San Rocco,L1,PL-002018,,250,SAP,45.43378,9.15431,P-002018
C,0049,Via San Rocco,L2,PL-002019,,100,SAP,45.4339,9.15493,P-002019
C,0049,Via San Rocco,L3,PL-002020,,250,LED,45.43402,9.15476,P-002020
C,0049,Via San Rocco,L1,PL-002021,,150,SAP,45.43414,9.15428,P-002021
C,0049,Via San Rocco,L2,PL-002022,,150,SAP,45.43426,9.15449,P-002022
C,0049,Via San Rocco,L3,PL-002023,,100,SAP,45.43438,9.1543,P-002023
C,0049,Via San Rocco,L1,PL-002024,,100,LED,45.4345,9.15481,P-002024
C,0049,Via San Rocco,L2,PL-002025,,100,SAP,45.43462,9.15457,P-002025
C,0049,Via San Rocco,L3,PL-002026,,100,MH,45.43474,9.15444,P-002026
C,0049,Via San Rocco,L1,PL-002027,,150,LED,45.43486,9.15458,P-002027
C,0049,Via San Rocco,L2,PL-002028,,150,MH,45.43498,9.15493,P-002028
C,0050,Via Sanverano Alta,L1,PL-002029,,250,MH,45.4249,9.11487,P-002029
C,0050,Via Sanverano Alta,L2,PL-002030,,150,SAP,45.42502,9.11448,P-002030
C,0050,Via Sanverano Alta,L3,PL-002031,,250,SAP,45.42514,9.1144,P-002031
C,0050,Via Sanverano Alta,L1,PL-002032,,100,SAP,45.42526,9.11503,P-002032
C,0050,Via Sanverano Alta,L2,PL-002033,,250,MH,45.42538,9.11439,P-002033
C,0050,Via Sanverano Alta,L3,PL-002034,,150,MH,45.4255,9.11455,P-002034
C,0050,Via Sanverano Alta,L1,PL-002035,,100,SAP,45.42562,9.11489,P-002035
C,0050,Via Sanverano Alta,L2,PL-002036,,100,MH,45.42574,9.11492,P-002036
C,0050,Via Sanverano Alta,L3,PL-002037,,150,SAP,45.42586,9.11443,P-002037
C,0050,Via Sanverano Alta,L1,PL-002038,,150,LED,45.42598,9.11447,P-002038
C,0050,Via Sanverano Alta,L2,PL-002039,,150,MH,45.4261,9.11493,P-002039
C,0050,Via Sanverano Alta,L3,PL-002040,,250,SAP,45.42622,9.11472,P-002040
C,0050,Via Sanverano Alta,L1,PL-002041,,100,LED,45.42634,9.11472,P-002041
C,0050,Via Sanverano Alta,L2,PL-002042,,250,MH,45.42646,9.11472,P-002042
C,0050,Via Sanverano Alta,L3,PL-002043,,150,SAP,45.42658,9.11493,P-002043
C,0050,Via Sanverano Alta,L1,PL-002044,,150,SAP,45.4267,9.1147,P-002044
C,0050,Via Sanverano Alta,L2,PL-002045,,100,SAP,45.42682,9.11496,P-002045
C,0050,Via Sanverano Alta,L3,PL-002046,,100,LED,45.42694,9.11449,P-002046
C,0050,Via Sanverano Alta,L1,PL-002047,,100,SAP,45.42706,9.11511,P-002047
C,0050,Via Sanverano Alta,L2,PL-002048,,100,SAP,45.42718,9.11498,P-002048
C,0050,Via Sanverano Alta,L3,PL-002049,,100,SAP,45.4273,9.11482,P-002049
C,0050,Via Sanverano Alta,L1,PL-002050,,100,MH,45.42742,9.1145,P-002050
C,0050,Via Sanverano Alta,L2,PL-002051,,150,SAP,45.42754,9.11444,P-002051
C,0050,Via Sanverano Alta,L3,PL-002052,,150,LED,45.42766,9.11506,P-002052
C,0050,Via Sanverano Alta,L1,PL-002053,,150,MH,45.42778,9.11506,P-002053
C,0050,Via Sanverano Alta,L2,PL-002054,,150,MH,45.4279,9.11487,P-002054
C,0050,Via Sanverano Alta,L3,PL-002055,,250,MH,45.42802,9.115,P-002055
C,0050,Via Sanverano Alta,L1,PL-002056,,150,SAP,45.42814,9.11505,P-002056
C,0050,Via Sanverano Alta,L2,PL-002057,,100,SAP,45.42826,9.1151,P-002057
C,0050,Via Sanverano Alta,L3,PL-002058,,250,SAP,45.42838,9.11503,P-002058
C,0050,Via Sanverano Alta,L1,PL-002059,,100,SAP,45.4285,9.11485,P-002059
C,0050,Via Sanverano Alta,L2,PL-002060,,150,SAP,45.42862,9.11474,P-002060
C,0050,Via Sanverano Alta,L3,PL-002061,,150,MH,45.42874,9.11497,P-002061
C,0050,Via Sanverano Alta,L1,PL-002062,,250,MH,45.42886,9.11476,P-002062
C,0050,Via Sanverano Alta,L2,PL-002063,,100,SAP,45.42898,9.11454,P-002063
C,0050,Via Sanverano Alta,L3,PL-002064,,250,SAP,45.4291,9.11482,P-002064
C,0050,Via Sanverano Alta,L1,PL-002065,,100,MH,45.42922,9.1149,P-002065
C,0050,Via Sanverano Alta,L2,PL-002066,,250,SAP,45.42934,9.11517,P-002066
C,0050,Via Sanverano Alta,L3,PL-002067,,150,LED,45.42946,9.11502,P-002067
C,0050,Via Sanverano Alta,L1,PL-002068,,100,MH,45.42958,9.11509,P-002068
C,0050,Via Sanverano Alta,L2,PL-002069,,100,MH,45.4297,9.11443,P-002069
C,0050,Via Sanverano Alta,L3,PL-002070,,100,SAP,45.42982,9.11447,P-002070
C,0050,Via Sanverano Alta,L1,PL-002071,,100,MH,45.42994,9.1146,P-002071
C,0050,Via Sanverano Alta,L2,PL-002072,,150,SAP,45.43006,9.1151,P-002072
C,0050,Via Sanverano Alta,L3,PL-002073,,250,SAP,45.43018,9.11487,P-002073
C,0050,Via Sanverano Alta,L1,PL-002074,,250,SAP,45.4303,9.11446,P-002074
C,0050,Via Sanverano Alta,L2,PL-002075,,250,LED,45.43042,9.11503,P-002075
C,0050,Via Sanverano Alta,L3,PL-002076,,100,SAP,45.43054,9.11446,P-002076
C,0050,Via Sanverano Alta,L1,PL-002077,,100,SAP,45.43066,9.11447,P-002077
C,0050,Via Sanverano Alta,L2,PL-002078,,250,SAP,45.43078,9.11457,P-002078
C,0050,Via Sanverano Alta,L3,PL-002079,,150,SAP,45.4309,9.11512,P-002079
C,0050,Via Sanverano Alta,L1,PL-002080,,100,SAP,45.43102,9.11502,P-002080
C,0050,Via Sanverano Alta,L2,PL-002081,,250,SAP,45.43114,9.11438,P-002081
C,0050,Via Sanverano Alta,L3,PL-002082,,250,SAP,45.43126,9.11463,P-002082
C,0050,Via Sanverano Alta,L1,PL-002083,,250,MH,45.43138,9.11485,P-002083
C,0050,Via Sanverano Alta,L2,PL-002084,,150,LED,45.4315,9.11489,P-002084
C,0050,Via Sanverano Alta,L3,PL-002085,,250,SAP,45.43162,9.11512,P-002085
C,0050,Via Sanverano Alta,L1,PL-002086,,250,MH,45.43174,9.11442,P-002086
C,0050,Via Sanverano Alta,L2,PL-002087,,100,MH,45.43186,9.11513,P-002087
C,0050,Via Sanverano Alta,L3,PL-002088,,150,SAP,45.43198,9.11515,P-002088
C,0050,Via Sanverano Alta,L1,PL-002089,,150,SAP,45.4321,9.11474,P-002089
C,0050,Via Sanverano Alta,L2,PL-002090,,150,MH,45.43222,9.1149,P-002090
C,0050,Via Sanverano Alta,L3,PL-002091,,250,SAP,45.43234,9.11481,P-002091
C,0050,Via Sanverano Alta,L1,PL-002092,,250,SAP,45.43246,9.11456,P-002092
C,0050,Via Sanverano Alta,L2,PL-002093,,100,SAP,45.43258,9.11511,P-002093
C,0050,Via Sanverano Alta,L3,PL-002094,,250,SAP,45.4327,9.11487,P-002094
C,0050,Via Sanverano Alta,L1,PL-002095,,100,MH,45.43282,9.11457,P-002095
C,0050,Via Sanverano Alta,L2,PL-002096,,100,SAP,45.43294,9.11489,P-002096
C,0050,Via Sanverano Alta,L3,PL-002097,,100,SAP,45.43306,9.11511,P-002097
C,0050,Via Sanverano Alta,L1,PL-002098,,250,SAP,45.43318,9.11453,P-002098
C,0050,Via Sanverano Alta,L2,PL-002099,,100,SAP,45.4333,9.11483,P-002099
C,0050,Via Sanverano Alta,L3,PL-002100,,250,SAP,45.43342,9.11476,P-002100
C,0050,Via Sanverano Alta,L1,PL-002101,,250,SAP,45.43354,9.11485,P-002101
C,0050,Via Sanverano Alta,L2,PL-002102,,250,MH,45.43366,9.11494,P-002102
C,0050,Via Sanverano Alta,L3,PL-002103,,100,SAP,45.43378,9.11486,P-002103
C,0050,Via Sanverano Alta,L1,PL-002104,,150,LED,45.4339,9.11488,P-002104
C,0050,Via Sanverano Alta,L2,PL-002105,,250,MH,45.43402,9.11493,P-002105
C,0050,Via Sanverano Alta,L3,PL-002106,,250,SAP,45.43414,9.11438,P-002106
C,0050,Via Sanverano Alta,L1,PL-002107,,250,MH,45.43426,9.11468,P-002107
C,0050,Via Sanverano Alta,L2,PL-002108,,150,LED,45.43438,9.11472,P-002108
C,0050,Via Sanverano Alta,L3,PL-002109,,150,MH,45.4345,9.1144,P-002109
C,0050,Via Sanverano Alta,L1,PL-002110,,150,SAP,45.43462,9.11487,P-002110
C,0050,Via Sanverano Alta,L2,PL-002111,,250,SAP,45.43474,9.11511,P-002111
C,0050,Via Sanverano Alta,L3,PL-002112,,150,SAP,45.43486,9.11441,P-002112
C,0050,Via Sanverano Alta,L1,PL-002113,,150,SAP,45.43498,9.11496,P-002113
C,0050,Via Sanverano Alta,L2,PL-002114,,150,MH,45.4351,9.11511,P-002114
C,0050,Via Sanverano Alta,L3,PL-002115,,100,SAP,45.43522,9.11479,P-002115
C,0050,Via Sanverano Alta,L1,PL-002116,,100,MH,45.43534,9.11478,P-002116
C,0050,Via Sanverano Alta,L2,PL-002117,,250,SAP,45.43546,9.115,P-002117
C,0050,Via Sanverano Alta,L3,PL-002118,,250,LED,45.43558,9.11494,P-002118
C,0050,Via Sanverano Alta,L1,PL-002119,,100,MH,45.4357,9.11444,P-002119
C,0050,Via Sanverano Alta,L2,PL-002120,,100,SAP,45.43582,9.11454,P-002120
C,0050,Via Sanverano Alta,L3,PL-002121,,250,SAP,45.43594,9.11451,P-002121
C,0050,Via Sanverano Alta,L1,PL-002122,,100,LED,45.43606,9.11508,P-002122
C,0050,Via Sanverano Alta,L2,PL-002123,,150,LED,45.43618,9.1151,P-002123
C,0050,Via Sanverano Alta,L3,PL-002124,,150,SAP,45.4363,9.11507,P-002124
C,0050,Via Sanverano Alta,L1,PL-002125,,250,MH,45.43642,9.1151,P-002125
C,0050,Via Sanverano Alta,L2,PL-002126,,150,MH,45.43654,9.11448,P-002126
C,0050,Via Sanverano Alta,L3,PL-002127,,250,SAP,45.43666,9.11473,P-002127
C,0050,Via Sanverano Alta,L1,PL-002128,,150,LED,45.43678,9.11485,P-002128
C,0050,Via Sanverano Alta,L2,PL-002129,,150,SAP,45.4369,9.11466,P-002129
C,0050,Via Sanverano Alta,L3,PL-002130,,150,SAP,45.43702,9.11503,P-002130
C,0050,Via Sanverano Alta,L1,PL-002131,,250,SAP,45.43714,9.11516,P-002131
C,0050,Via Sanverano Alta,L2,PL-002132,,100,LED,45.43726,9.1148,P-002132
C,0050,Via Sanverano Alta,L3,PL-002133,,250,SAP,45.43738,9.11502,P-002133
C,0050,Via Sanverano Alta,L1,PL-002134,,250,SAP,45.4375,9.11443,P-002134
C,0050,Via Sanverano Alta,L2,PL-002135,,250,SAP,45.43762,9.11445,P-002135
C,0050,Via Sanverano Alta,L3,PL-002136,,150,SAP,45.43774,9.11458,P-002136
C,0050,Via Sanverano Alta,L1,PL-002137,,150,SAP,45.43786,9.1145,P-002137
C,0050,Via Sanverano Alta,L2,PL-002138,,100,LED,45.43798,9.11515,P-002138
C,0050,Via Sanverano Alta,L3,PL-002139,,150,MH,45.4381,9.11513,P-002139
C,0050,Via Sanverano Alta,L1,PL-002140,,250,SAP,45.43822,9.11489,P-002140
C,0050,Via Sanverano Alta,L2,PL-002141,,100,SAP,45.43834,9.11452,P-002141
C,0050,Via Sanverano Alta,L3,PL-002142,,100,SAP,45.43846,9.11466,P-002142
C,0050,Via Sanverano Alta,L1,PL-002143,,150,SAP,45.43858,9.11487,P-002143
C,0050,Via Sanverano Alta,L2,PL-002144,,250,MH,45.4387,9.11468,P-002144
C,0050,Via Sanverano Alta,L3,PL-002145,,150,SAP,45.43882,9.1144,P-002145
C,0050,Via Sanverano Alta,L1,PL-002146,,100,SAP,45.43894,9.1151,P-002146
C,0050,Via Sanverano Alta,L2,PL-002147,,100,LED,45.43906,9.11499,P-002147
C,0050,Via Sanverano Alta,L3,PL-002148,,250,SAP,45.43918,9.11482,P-002148
C,0050,Via Sanverano Alta,L1,PL-002149,,100,SAP,45.4393,9.11438,P-002149
C,0050,Via Sanverano Alta,L2,PL-002150,,250,SAP,45.43942,9.11479,P-002150
C,0050,Via Sanverano Alta,L3,PL-002151,,250,LED,45.43954,9.11442,P-002151
C,0050,Via Sanverano Alta,L1,PL-002152,,250,SAP,45.43966,9.1148,P-002152
C,0050,Via Sanverano Alta,L2,PL-002153,,100,SAP,45.43978,9.11479,P-002153
C,0050,Via Sanverano Alta,L3,PL-002154,,100,SAP,45.4399,9.11509,P-002154
C,0050,Via Sanverano Alta,L1,PL-002155,,150,SAP,45.44002,9.11509,P-002155
C,0050,Via Sanverano Alta,L2,PL-002156,,100,SAP,45.44014,9.11447,P-002156
C,0050,Via Sanverano Alta,L3,PL-002157,,100,SAP,45.44026,9.11448,P-002157
C,0050,Via Sanverano Alta,L1,PL-002158,,250,SAP,45.44038,9.11487,P-002158
C,0050,Via Sanverano Alta,L2,PL-002159,,150,SAP,45.4405,9.115,P-002159
C,0050,Via Sanverano Alta,L3,PL-002160,,250,SAP,45.44062,9.11441,P-002160
C,0050,Via Sanverano Alta,L1,PL-002161,,250,MH,45.44074,9.1144,P-002161
C,0050,Via Sanverano Alta,L2,PL-002162,,250,SAP,45.44086,9.11507,P-002162
C,0051,Parco Nord,L1,PL-002163,,150,LED,45.3995,9.11839,P-002163
C,0051,Parco Nord,L2,PL-002164,,250,SAP,45.39962,9.11868,P-002164
C,0051,Parco Nord,L3,PL-002165,,250,SAP,45.39974,9.11835,P-002165
C,0051,Parco Nord,L1,PL-002166,,150,SAP,45.39986,9.11873,P-002166
C,0051,Parco Nord,L2,PL-002167,,150,SAP,45.39998,9.11811,P-002167
C,0051,Parco Nord,L3,PL-002168,,250,SAP,45.4001,9.1183,P-002168
C,0051,Parco Nord,L1,PL-002169,,150,LED,45.40022,9.11868,P-002169
C,0051,Parco Nord,L2,PL-002170,,250,SAP,45.40034,9.118,P-002170
C,0051,Parco Nord,L3,PL-002171,,150,SAP,45.40046,9.11869,P-002171
C,0051,Parco Nord,L1,PL-002172,,100,SAP,45.40058,9.11849,P-002172
C,0051,Parco Nord,L2,PL-002173,,100,LED,45.4007,9.11844,P-002173
C,0051,Parco Nord,L3,PL-002174,,100,LED,45.40082,9.11825,P-002174
C,0051,Parco Nord,L1,PL-002175,,250,SAP,45.40094,9.11838,P-002175
C,0051,Parco Nord,L2,PL-002176,,250,SAP,45.40106,9.1182,P-002176
C,0051,Parco Nord,L3,PL-002177,,250,SAP,45.40118,9.11864,P-002177
C,0051,Parco Nord,L1,PL-002178,,150,LED,45.4013,9.11837,P-002178
C,0051,Parco Nord,L2,PL-002179,,150,MH,45.40142,9.11867,P-002179
C,0051,Parco Nord,L3,PL-002180,,150,LED,45.40154,9.11861,P-002180
C,0051,Parco Nord,L1,PL-002181,,100,MH,45.40166,9.11857,P-002181
C,0051,Parco Nord,L2,PL-002182,,150,MH,45.40178,9.11803,P-002182
C,0051,Parco Nord,L3,PL-002183,,100,SAP,45.4019,9.11872,P-002183
C,0051,Parco Nord,L1,PL-002184,,250,SAP,45.40202,9.11839,P-002184
C,0051,Parco Nord,L2,PL-002185,,100,SAP,45.40214,9.11818,P-002185
C,0051,Parco Nord,L3,PL-002186,,250,SAP,45.40226,9.11799,P-002186
C,0051,Parco Nord,L1,PL-002187,,150,SAP,45.40238,9.11866,P-002187
C,0051,Parco Nord,L2,PL-002188,,150,MH,45.4025,9.11864,P-002188
C,0051,Parco Nord,L3,PL-002189,,250,SAP,45.40262,9.11838,P-002189
C,0051,Parco Nord,L1,PL-002190,,150,MH,45.40274,9.11857,P-002190
C,0051,Parco Nord,L2,PL-002191,,250,SAP,45.40286,9.1182,P-002191
C,0051,Parco Nord,L3,PL-002192,,100,SAP,45.40298,9.11857,P-002192
C,0051,Parco Nord,L1,PL-002193,,150,SAP,45.4031,9.1187,P-002193
C,0051,Parco Nord,L2,PL-002194,,150,MH,45.40322,9.11868,P-002194
C,0051,Parco Nord,L3,PL-002195,,150,SAP,45.40334,9.11866,P-002195
C,0051,Parco Nord,L1,PL-002196,,100,SAP,45.40346,9.11864,P-002196
C,0051,Parco Nord,L2,PL-002197,,150,LED,45.40358,9.11808,P-002197
C,0051,Parco Nord,L3,PL-002198,,100,LED,45.4037,9.11866,P-002198
C,0051,Parco Nord,L1,PL-002199,,250,SAP,45.40382,9.11838,P-002199
C,0051,Parco Nord,L2,PL-002200,,100,SAP,45.40394,9.11809,P-002200
C,0051,Parco Nord,L3,PL-002201,,150,MH,45.40406,9.11801,P-002201
C,0051,Parco Nord,L1,PL-002202,,150,SAP,45.40418,9.11847,P-002202
C,0051,Parco Nord,L2,PL-002203,,100,SAP,45.4043,9.11855,P-002203
C,0051,Parco Nord,L3,PL-002204,,100,LED,45.40442,9.11843,P-002204
C,0051,Parco Nord,L1,PL-002205,,100,SAP,45.40454,9.11857,P-002205
C,0051,Parco Nord,L2,PL-002206,,150,SAP,45.40466,9.11838,P-002206
C,0051,Parco Nord,L3,PL-002207,,250,SAP,45.40478,9.11834,P-002207
C,0051,Parco Nord,L1,PL-002208,,100,SAP,45.4049,9.11844,P-002208
C,0051,Parco Nord,L2,PL-002209,,250,SAP,45.40502,9.11826,P-002209
C,0051,Parco Nord,L3,PL-002210,,150,SAP,45.40514,9.11869,P-002210
C,0051,Parco Nord,L1,PL-002211,,150,LED,45.40526,9.11803,P-002211
C,0051,Parco Nord,L2,PL-002212,,100,SAP,45.40538,9.1181,P-002212
C,0051,Parco Nord,L3,PL-002213,,100,SAP,45.4055,9.11807,P-002213
C,0051,Parco Nord,L1,PL-002214,,250,SAP,45.40562,9.1187,P-002214
C,0051,Parco Nord,L2,PL-002215,,250,SAP,45.40574,9.11869,P-002215
C,0051,Parco Nord,L3,PL-002216,,250,SAP,45.40586,9.11852,P-002216
C,0051,Parco Nord,L1,PL-002217,,150,LED,45.40598,9.11833,P-002217
C,0051,Parco Nord,L2,PL-002218,,150,MH,45.4061,9.11867,P-002218
C,0051,Parco Nord,L3,PL-002219,,150,SAP,45.40622,9.11836,P-002219
C,0051,Parco Nord,L1,PL-002220,,250,SAP,45.40634,9.11869,P-002220
C,0051,Parco Nord,L2,PL-002221,,250,MH,45.40646,9.11877,P-002221
C,0051,Parco Nord,L3,PL-002222,,250,SAP,45.40658,9.11869,P-002222
C,0051,Parco Nord,L1,PL-002223,,100,MH,45.4067,9.11813,P-002223
C,0051,Parco Nord,L2,PL-002224,,250,MH,45.40682,9.11803,P-002224
C,0051,Parco Nord,L3,PL-002225,,250,MH,45.40694,9.11849,P-002225
C,0051,Parco Nord,L1,PL-002226,,250,MH,45.40706,9.1186,P-002226
C,0051,Parco Nord,L2,PL-002227,,150,SAP,45.40718,9.1185,P-002227
C,0051,Parco Nord,L3,PL-002228,,250,SAP,45.4073,9.11821,P-002228
C,0051,Parco Nord,L1,PL-002229,,150,SAP,45.40742,9.1184,P-002229
C,0051,Parco Nord,L2,PL-002230,,100,SAP,45.40754,9.11847,P-002230
C,0051,Parco Nord,L3,PL-002231,,100,SAP,45.40766,9.11821,P-002231
C,0051,Parco Nord,L1,PL-002232,,250,MH,45.40778,9.11853,P-002232
C,0051,Parco Nord,L2,PL-002233,,250,SAP,45.4079,9.11805,P-002233
C,0051,Parco Nord,L3,PL-002234,,250,MH,45.40802,9.1186,P-002234
C,0051,Parco Nord,L1,PL-002235,,100,MH,45.40814,9.11824,P-002235
C,0051,Parco Nord,L2,PL-002236,,100,MH,45.40826,9.11829,P-002236
C,0051,Parco Nord,L3,PL-002237,,150,SAP,45.40838,9.11836,P-002237
C,0051,Parco Nord,L1,PL-002238,,250,LED,45.4085,9.11841,P-002238
C,0051,Parco Nord,L2,PL-002239,,100,LED,45.40862,9.11868,P-002239
C,0051,Parco Nord,L3,PL-002240,,150,SAP,45.40874,9.1186,P-002240
C,0051,Parco Nord,L1,PL-002241,,100,MH,45.40886,9.11852,P-002241
C,0051,Parco Nord,L2,PL-002242,,150,SAP,45.40898,9.11818,P-002242
C,0051,Parco Nord,L3,PL-002243,,250,SAP,45.4091,9.118,P-002243
C,0051,Parco Nord,L1,PL-002244,,100,LED,45.40922,9.11814,P-002244
C,0051,Parco Nord,L2,PL-002245,,150,SAP,45.40934,9.11809,P-002245
C,0051,Parco Nord,L3,PL-002246,,100,LED,45.40946,9.11846,P-002246
C,0051,Parco Nord,L1,PL-002247,,100,SAP,45.40958,9.11873,P-002247
C,0051,Parco Nord,L2,PL-002248,,150,MH,45.4097,9.11807,P-002248
C,0051,Parco Nord,L3,PL-002249,,250,SAP,45.40982,9.11824,P-002249
C,0051,Parco Nord,L1,PL-002250,,150,SAP,45.40994,9.11861,P-002250
C,0051,Parco Nord,L2,PL-002251,,150,SAP,45.41006,9.11812,P-002251
C,0051,Parco Nord,L3,PL-002252,,150,SAP,45.41018,9.1182,P-002252
C,0051,Parco Nord,L1,PL-002253,,100,SAP,45.4103,9.11801,P-002253
C,0051,Parco Nord,L2,PL-002254,,250,SAP,45.41042,9.11868,P-002254
C,0051,Parco Nord,L3,PL-002255,,250,SAP,45.41054,9.11856,P-002255
C,0051,Parco Nord,L1,PL-002256,,100,MH,45.41066,9.11829,P-002256
C,0051,Parco Nord,L2,PL-002257,,100,SAP,45.41078,9.11872,P-002257
C,0051,Parco Nord,L3,PL-002258,,250,MH,45.4109,9.11797,P-002258
C,0051,Parco Nord,L1,PL-002259,,150,SAP,45.41102,9.1187,P-002259
C,0051,Parco Nord,L2,PL-002260,,150,LED,45.41114,9.11816,P-002260
C,0051,Parco Nord,L3,PL-002261,,250,SAP,45.41126,9.11853,P-002261
C,0051,Parco Nord,L1,PL-002262,,100,LED,45.41138,9.11868,P-002262
C,0051,Parco Nord,L2,PL-002263,,100,LED,45.4115,9.11831,P-002263
C,0051,Parco Nord,L3,PL-002264,,100,MH,45.41162,9.11834,P-002264
C,0051,Parco Nord,L1,PL-002265,,100,LED,45.41174,9.11829,P-002265
C,0051,Parco Nord,L2,PL-002266,,150,SAP,45.41186,9.1183,P-002266
C,0051,Parco Nord,L3,PL-002267,,150,SAP,45.41198,9.11862,P-002267
C,0051,Parco Nord,L1,PL-002268,,250,LED,45.4121,9.11816,P-002268
C,0051,Parco Nord,L2,PL-002269,,150,MH,45.41222,9.11822,P-002269
C,0051,Parco Nord,L3,PL-002270,,250,MH,45.41234,9.11819,P-002270
C,0051,Parco Nord,L1,PL-002271,,250,SAP,45.41246,9.11801,P-002271
C,0051,Parco Nord,L2,PL-002272,,150,MH,45.41258,9.11823,P-002272
C,0051,Parco Nord,L3,PL-002273,,150,LED,45.4127,9.11837,P-002273
C,0051,Parco Nord,L1,PL-002274,,100,SAP,45.41282,9.11844,P-002274
C,0051,Parco Nord,L2,PL-002275,,250,SAP,45.41294,9.11847,P-002275
C,0051,Parco Nord,L3,PL-002276,,100,SAP,45.41306,9.11805,P-002276
C,0051,Parco Nord,L1,PL-002277,,150,SAP,45.41318,9.1185,P-002277
C,0051,Parco Nord,L2,PL-002278,,150,SAP,45.4133,9.11806,P-002278
C,0051,Parco Nord,L3,PL-002279,,100,SAP,45.41342,9.11868,P-002279
C,0051,Parco Nord,L1,PL-002280,,100,SAP,45.41354,9.11856,P-002280
C,0051,Parco Nord,L2,PL-002281,,150,LED,45.41366,9.11797,P-002281
C,0051,Parco Nord,L3,PL-002282,,150,MH,45.41378,9.11842,P-002282
C,0051,Parco Nord,L1,PL-002283,,100,SAP,45.4139,9.11854,P-002283
C,0051,Parco Nord,L2,PL-002284,,100,MH,45.41402,9.11874,P-002284
C,0051,Parco Nord,L3,PL-002285,,100,MH,45.41414,9.11799,P-002285
C,0051,Parco Nord,L1,PL-002286,,150,SAP,45.41426,9.11824,P-002286
C,0051,Parco Nord,L2,PL-002287,,100,LED,45.41438,9.11856,P-002287
C,0051,Parco Nord,L3,PL-002288,,100,SAP,45.4145,9.11848,P-002288
C,0051,Parco Nord,L1,PL-002289,,250,LED,45.41462,9.11833,P-002289
C,0051,Parco Nord,L2,PL-002290,,150,SAP,45.41474,9.11805,P-002290
C,0051,Parco Nord,L3,PL-002291,,100,SAP,45.41486,9.11833,P-002291
C,0051,Parco Nord,L1,PL-002292,,250,SAP,45.41498,9.11876,P-002292
C,0051,Parco Nord,L2,PL-002293,,100,SAP,45.4151,9.11851,P-002293
C,0051,Parco Nord,L3,PL-002294,,100,SAP,45.41522,9.11827,P-002294
C,0051,Parco Nord,L1,PL-002295,,100,LED,45.41534,9.11806,P-002295
C,0051,Parco Nord,L2,PL-002296,,250,LED,45.41546,9.11848,P-002296
C,0052,Via Molino,L1,PL-002297,,100,SAP,45.41209,9.11879,P-002297
C,0052,Via Molino,L2,PL-002298,,250,MH,45.41221,9.11943,P-002298
C,0052,Via Molino,L3,PL-002299,,250,SAP,45.41233,9.11883,P-002299
C,0052,Via Molino,L1,PL-002300,,100,SAP,45.41245,9.11877,P-002300
C,0052,Via Molino,L2,PL-002301,,150,LED,45.41257,9.11882,P-002301
C,0052,Via Molino,L3,PL-002302,,100,SAP,45.41269,9.11925,P-002302
C,0052,Via Molino,L1,PL-002303,,150,LED,45.41281,9.11916,P-002303
C,0052,Via Molino,L2,PL-002304,,150,LED,45.41293,9.11897,P-002304
C,0052,Via Molino,L3,PL-002305,,150,SAP,45.41305,9.11902,P-002305
C,0052,Via Molino,L1,PL-002306,,150,SAP,45.41317,9.11864,P-002306
C,0052,Via Molino,L2,PL-002307,,150,SAP,45.41329,9.11872,P-002307
C,0052,Via Molino,L3,PL-002308,,100,LED,45.41341,9.11924,P-002308
C,0052,Via Molino,L1,PL-002309,,150,SAP,45.41353,9.11891,P-002309
C,0052,Via Molino,L2,PL-002310,,250,MH,45.41365,9.11918,P-002310
C,0052,Via Molino,L3,PL-002311,,100,LED,45.41377,9.11917,P-002311
C,0052,Via Molino,L1,PL-002312,,100,SAP,45.41389,9.11925,P-002312
C,0052,Via Molino,L2,PL-002313,,250,LED,45.41401,9.1191,P-002313
C,0052,Via Molino,L3,PL-002314,,100,SAP,45.41413,9.11888,P-002314
C,0052,Via Molino,L1,PL-002315,,150,SAP,45.41425,9.11923,P-002315
C,0052,Via Molino,L2,PL-002316,,100,SAP,45.41437,9.11882,P-002316
C,0052,Via Molino,L3,PL-002317,,150,SAP,45.41449,9.11924,P-002317
C,0052,Via Molino,L1,PL-002318,,150,SAP,45.41461,9.11919,P-002318
C,0052,Via Molino,L2,PL-002319,,250,SAP,45.41473,9.11895,P-002319
C,0052,Via Molino,L3,PL-002320,,150,SAP,45.41485,9.11881,P-002320
C,0052,Via Molino,L1,PL-002321,,100,SAP,45.41497,9.11915,P-002321
C,0052,Via Molino,L2,PL-002322,,250,SAP,45.41509,9.11869,P-002322
C,0052,Via Molino,L3,PL-002323,,150,MH,45.41521,9.11913,P-002323
C,0052,Via Molino,L1,PL-002324,,150,LED,45.41533,9.11907,P-002324
C,0052,Via Molino,L2,PL-002325,,250,SAP,45.41545,9.1191,P-002325
C,0052,Via Molino,L3,PL-002326,,100,SAP,45.41557,9.11889,P-002326
C,0052,Via Molino,L1,PL-002327,,150,SAP,45.41569,9.11864,P-002327
C,0052,Via Molino,L2,PL-002328,,250,SAP,45.41581,9.11893,P-002328
C,0052,Via Molino,L3,PL-002329,,150,SAP,45.41593,9.11873,P-002329
C,0052,Via Molino,L1,PL-002330,,150,SAP,45.41605,9.1191,P-002330
C,0052,Via Molino,L2,PL-002331,,250,SAP,45.41617,9.11876,P-002331
C,0052,Via Molino,L3,PL-002332,,150,SAP,45.41629,9.11893,P-002332
C,0052,Via Molino,L1,PL-002333,,100,SAP,45.41641,9.11942,P-002333
C,0052,Via Molino,L2,PL-002334,,100,SAP,45.41653,9.11929,P-002334
C,0052,Via Molino,L3,PL-002335,,250,LED,45.41665,9.11925,P-002335
C,0052,Via Molino,L1,PL-002336,,150,SAP,45.41677,9.11938,P-002336
C,0052,Via Molino,L2,PL-002337,,100,SAP,45.41689,9.11927,P-002337
C,0052,Via Molino,L3,PL-002338,,100,SAP,45.41701,9.11901,P-002338
C,0052,Via Molino,L1,PL-002339,,250,MH,45.41713,9.11882,P-002339
C,0052,Via Molino,L2,PL-002340,,150,SAP,45.41725,9.11886,P-002340
C,0052,Via Molino,L3,PL-002341,,250,MH,45.41737,9.11911,P-002341
C,0052,Via Molino,L1,PL-002342,,100,MH,45.41749,9.11899,P-002342
C,0052,Via Molino,L2,PL-002343,,250,SAP,45.41761,9.1194,P-002343
C,0052,Via Molino,L3,PL-002344,,150,SAP,45.41773,9.11891,P-002344
C,0052,Via Molino,L1,PL-002345,,150,LED,45.41785,9.1191,P-002345
C,0052,Via Molino,L2,PL-002346,,100,LED,45.41797,9.11937,P-002346
C,0052,Via Molino,L3,PL-002347,,250,SAP,45.41809,9.11903,P-002347
C,0052,Via Molino,L1,PL-002348,,150,SAP,45.41821,9.1189,P-002348
C,0052,Via Molino,L2,PL-002349,,100,LED,45.41833,9.11901,P-002349
C,0052,Via Molino,L3,PL-002350,,150,LED,45.41845,9.11913,P-002350
C,0052,Via Molino,L1,PL-002351,,150,SAP,45.41857,9.11899,P-002351
C,0052,Via Molino,L2,PL-002352,,250,MH,45.41869,9.11889,P-002352
C,0052,Via Molino,L3,PL-002353,,150,SAP,45.41881,9.11886,P-002353
C,0052,Via Molino,L1,PL-002354,,100,LED,45.41893,9.11939,P-002354
C,0052,Via Molino,L2,PL-002355,,100,SAP,45.41905,9.11871,P-002355
C,0052,Via Molino,L3,PL-002356,,100,SAP,45.41917,9.11867,P-002356
C,0052,Via Molino,L1,PL-002357,,100,SAP,45.41929,9.11933,P-002357
C,0052,Via Molino,L2,PL-002358,,100,LED,45.41941,9.11925,P-002358
C,0052,Via Molino,L3,PL-002359,,150,MH,45.41953,9.11865,P-002359
C,0052,Via Molino,L1,PL-002360,,250,SAP,45.41965,9.11919,P-002360
C,0052,Via Molino,L2,PL-002361,,150,LED,45.41977,9.11919,P-002361
C,0052,Via Molino,L3,PL-002362,,100,MH,45.41989,9.11876,P-002362
C,0052,Via Molino,L1,PL-002363,,150,SAP,45.42001,9.11906,P-002363
C,0052,Via Molino,L2,PL-002364,,150,MH,45.42013,9.11897,P-002364
C,0052,Via Molino,L3,PL-002365,,100,SAP,45.42025,9.11885,P-002365
C,0052,Via Molino,L1,PL-002366,,150,MH,45.42037,9.11935,P-002366
C,0052,Via Molino,L2,PL-002367,,250,LED,45.42049,9.11878,P-002367
C,0052,Via Molino,L3,PL-002368,,250,MH,45.42061,9.11912,P-002368
C,0052,Via Molino,L1,PL-002369,,250,SAP,45.42073,9.11892,P-002369
C,0052,Via Molino,L2,PL-002370,,150,LED,45.42085,9.11893,P-002370
C,0052,Via Molino,L3,PL-002371,,150,LED,45.42097,9.11871,P-002371
C,0052,Via Molino,L1,PL-002372,,250,SAP,45.42109,9.11895,P-002372
C,0052,Via Molino,L2,PL-002373,,100,SAP,45.42121,9.11939,P-002373
C,0052,Via Molino,L3,PL-002374,,250,MH,45.42133,9.11897,P-002374
C,0052,Via Molino,L1,PL-002375,,250,SAP,45.42145,9.11932,P-002375
C,0052,Via Molino,L2,PL-002376,,150,LED,45.42157,9.11866,P-002376
C,0052,Via Molino,L3,PL-002377,,250,SAP,45.42169,9.11934,P-002377
C,0052,Via Molino,L1,PL-002378,,100,MH,45.42181,9.11898,P-002378
C,0052,Via Molino,L2,PL-002379,,250,SAP,45.42193,9.11878,P-002379
C,0052,Via Molino,L3,PL-002380,,100,SAP,45.42205,9.11935,P-002380
C,0052,Via Molino,L1,PL-002381,,250,MH,45.42217,9.11908,P-002381
C,0052,Via Molino,L2,PL-002382,,100,SAP,45.42229,9.11896,P-002382
C,0052,Via Molino,L3,PL-002383,,150,SAP,45.42241,9.11873,P-002383
C,0052,Via Molino,L1,PL-002384,,150,LED,45.42253,9.11871,P-002384
C,0052,Via Molino,L2,PL-002385,,250,SAP,45.42265,9.11866,P-002385
C,0052,Via Molino,L3,PL-002386,,250,MH,45.42277,9.11915,P-002386
C,0052,Via Molino,L1,PL-002387,,250,SAP,45.42289,9.11885,P-002387
C,0052,Via Molino,L2,PL-002388,,100,LED,45.42301,9.1189,P-002388
C,0052,Via Molino,L3,PL-002389,,100,SAP,45.42313,9.11868,P-002389
C,0052,Via Molino,L1,PL-002390,,100,SAP,45.42325,9.11871,P-002390
C,0052,Via Molino,L2,PL-002391,,150,SAP,45.42337,9.11933,P-002391
C,0052,Via Molino,L3,PL-002392,,250,SAP,45.42349,9.11894,P-002392
C,0052,Via Molino,L1,PL-002393,,150,SAP,45.42361,9.11895,P-002393
C,0052,Via Molino,L2,PL-002394,,250,SAP,45.42373,9.11901,P-002394
C,0052,Via Molino,L3,PL-002395,,150,SAP,45.42385,9.11911,P-002395
C,0052,Via Molino,L1,PL-002396,,150,SAP,45.42397,9.11895,P-002396
C,0052,Via Molino,L2,PL-002397,,150,SAP,45.42409,9.11912,P-002397
C,0052,Via Molino,L3,PL-002398,,150,SAP,45.42421,9.1189,P-002398
C,0052,Via Molino,L1,PL-002399,,100,SAP,45.42433,9.11894,P-002399
C,0052,Via Molino,L2,PL-002400,,250,LED,45.42445,9.11886,P-002400
C,0052,Via Molino,L3,PL-002401,,250,LED,45.42457,9.11911,P-002401
C,0052,Via Molino,L1,PL-002402,,150,SAP,45.42469,9.11865,P-002402
C,0052,Via Molino,L2,PL-002403,,250,SAP,45.42481,9.11906,P-002403
C,0052,Via Molino,L3,PL-002404,,250,SAP,45.42493,9.11936,P-002404
C,0052,Via Molino,L1,PL-002405,,250,LED,45.42505,9.11925,P-002405
C,0052,Via Molino,L2,PL-002406,,100,SAP,45.42517,9.1187,P-002406
C,0052,Via Molino,L3,PL-002407,,100,SAP,45.42529,9.11906,P-002407
C,0052,Via Molino,L1,PL-002408,,150,SAP,45.42541,9.11875,P-002408
C,0052,Via Molino,L2,PL-002409,,250,LED,45.42553,9.11918,P-002409
C,0052,Via Molino,L3,PL-002410,,100,LED,45.42565,9.11906,P-002410
C,0052,Via Molino,L1,PL-002411,,150,MH,45.42577,9.11941,P-002411
C,0052,Via Molino,L2,PL-002412,,250,SAP,45.42589,9.11933,P-002412
C,0052,Via Molino,L3,PL-002413,,150,SAP,45.42601,9.11877,P-002413
C,0052,Via Molino,L1,PL-002414,,250,SAP,45.42613,9.11933,P-002414
C,0052,Via Molino,L2,PL-002415,,250,SAP,45.42625,9.11937,P-002415
C,0052,Via Molino,L3,PL-002416,,100,SAP,45.42637,9.11871,P-002416
C,0052,Via Molino,L1,PL-002417,,100,SAP,45.42649,9.11876,P-002417
C,0052,Via Molino,L2,PL-002418,,100,LED,45.42661,9.11937,P-002418
C,0052,Via Molino,L3,PL-002419,,250,SAP,45.42673,9.11935,P-002419
C,0052,Via Molino,L1,PL-002420,,150,SAP,45.42685,9.1187,P-002420
C,0052,Via Molino,L2,PL-002421,,100,SAP,45.42697,9.11883,P-002421
C,0052,Via Molino,L3,PL-002422,,100,SAP,45.42709,9.11926,P-002422
C,0052,Via Molino,L1,PL-002423,,150,LED,45.42721,9.11915,P-002423
C,0052,Via Molino,L2,PL-002424,,150,LED,45.42733,9.11937,P-002424
C,0052,Via Molino,L3,PL-002425,,150,SAP,45.42745,9.11936,P-002425
C,0052,Via Molino,L1,PL-002426,,100,MH,45.42757,9.11896,P-002426
C,0052,Via Molino,L2,PL-002427,,100,LED,45.42769,9.1187,P-002427
C,0052,Via Molino,L3,PL-002428,,100,SAP,45.42781,9.11909,P-002428
C,0052,Via Molino,L1,PL-002429,,150,SAP,45.42793,9.1188,P-002429
C,0052,Via Molino,L2,PL-002430,,100,SAP,45.42805,9.11887,P-002430
